time,FLOW
2009-01-01 00:00:00,6.093131
2009-01-02 00:00:00,6.107188
2009-01-03 00:00:00,6.152966
2009-01-04 00:00:00,6.162527
2009-01-05 00:00:00,6.139586
2009-01-06 00:00:00,6.108858
2009-01-07 00:00:00,6.129569
2009-01-08 00:00:00,6.210075
2009-01-09 00:00:00,6.676504
2009-01-10 00:00:00,6.508859
2009-01-11 00:00:00,6.423501
2009-01-12 00:00:00,6.476098
2009-01-13 00:00:00,6.447599
2009-01-14 00:00:00,6.412387
2009-01-15 00:00:00,6.318089
2009-01-16 00:00:00,6.23279
2009-01-17 00:00:00,6.163605
2009-01-18 00:00:00,6.08897
2009-01-19 00:00:00,6.026537
2009-01-20 00:00:00,5.930379
2009-01-21 00:00:00,5.834242
2009-01-22 00:00:00,5.739311
2009-01-23 00:00:00,5.645446
2009-01-24 00:00:00,5.567875
2009-01-25 00:00:00,5.491672
2009-01-26 00:00:00,5.412482
2009-01-27 00:00:00,5.334627
2009-01-28 00:00:00,5.255056
2009-01-29 00:00:00,5.171677
2009-01-30 00:00:00,5.072621
2009-01-31 00:00:00,4.981604
2009-02-01 00:00:00,4.82842
2009-02-02 00:00:00,4.81693
2009-02-03 00:00:00,4.77913
2009-02-04 00:00:00,4.728636
2009-02-05 00:00:00,4.674399
2009-02-06 00:00:00,4.55482
2009-02-07 00:00:00,4.489325
2009-02-08 00:00:00,4.612222
2009-02-09 00:00:00,4.413218
2009-02-10 00:00:00,4.448509
2009-02-11 00:00:00,6.073179
2009-02-12 00:00:00,6.762145
2009-02-13 00:00:00,7.318057
2009-02-14 00:00:00,7.671874
2009-02-15 00:00:00,7.917096
2009-02-16 00:00:00,8.06636
2009-02-17 00:00:00,8.137646
2009-02-18 00:00:00,8.462085
2009-02-19 00:00:00,8.560016
2009-02-20 00:00:00,8.946405
2009-02-21 00:00:00,9.305192
2009-02-22 00:00:00,9.210918
2009-02-23 00:00:00,9.183738
2009-02-24 00:00:00,9.156824
2009-02-25 00:00:00,8.982742
2009-02-26 00:00:00,9.936257
2009-02-27 00:00:00,10.92532
2009-02-28 00:00:00,11.223684
2009-03-01 00:00:00,11.451519
2009-03-02 00:00:00,11.605217
2009-03-03 00:00:00,11.710688
2009-03-04 00:00:00,11.702084
2009-03-05 00:00:00,11.625421
2009-03-06 00:00:00,11.482392
2009-03-07 00:00:00,12.714625
2009-03-08 00:00:00,14.451626
2009-03-09 00:00:00,15.617625
2009-03-10 00:00:00,17.259257
2009-03-11 00:00:00,17.936929
2009-03-12 00:00:00,18.332158
2009-03-13 00:00:00,18.573532
2009-03-14 00:00:00,18.597969
2009-03-15 00:00:00,18.53933
2009-03-16 00:00:00,18.415695
2009-03-17 00:00:00,18.170614
2009-03-18 00:00:00,17.939682
2009-03-19 00:00:00,17.675529
2009-03-20 00:00:00,17.458932
2009-03-21 00:00:00,17.12868
2009-03-22 00:00:00,16.723936
2009-03-23 00:00:00,16.915925
2009-03-24 00:00:00,19.98322
2009-03-25 00:00:00,21.676145
2009-03-26 00:00:00,21.98094
2009-03-27 00:00:00,22.165153
2009-03-28 00:00:00,22.649801
2009-03-29 00:00:00,22.859197
2009-03-30 00:00:00,22.809249
2009-03-31 00:00:00,23.499345
2009-04-01 00:00:00,23.526067
2009-04-02 00:00:00,23.382692
2009-04-03 00:00:00,23.128686
2009-04-04 00:00:00,22.769046
2009-04-05 00:00:00,22.621172
2009-04-06 00:00:00,22.227099
2009-04-07 00:00:00,21.64461
2009-04-08 00:00:00,21.00078
2009-04-09 00:00:00,20.322126
2009-04-10 00:00:00,19.657008
2009-04-11 00:00:00,18.984999
2009-04-12 00:00:00,18.295326
2009-04-13 00:00:00,17.864527
2009-04-14 00:00:00,17.325701
2009-04-15 00:00:00,16.612198
2009-04-16 00:00:00,15.872211
2009-04-17 00:00:00,15.134989
2009-04-18 00:00:00,14.597866
2009-04-19 00:00:00,14.771032
2009-04-20 00:00:00,15.363168
2009-04-21 00:00:00,15.61435
2009-04-22 00:00:00,15.133641
2009-04-23 00:00:00,14.690382
2009-04-24 00:00:00,14.302881
2009-04-25 00:00:00,15.976782
2009-04-26 00:00:00,19.014321
2009-04-27 00:00:00,19.685242
2009-04-28 00:00:00,19.93069
2009-04-29 00:00:00,20.09581
2009-04-30 00:00:00,20.881698
2009-05-01 00:00:00,20.851397
2009-05-02 00:00:00,20.602466
2009-05-03 00:00:00,20.278552
2009-05-04 00:00:00,19.915191
2009-05-05 00:00:00,19.649926
2009-05-06 00:00:00,20.287342
2009-05-07 00:00:00,20.897077
2009-05-08 00:00:00,20.791224
2009-05-09 00:00:00,22.387193
2009-05-10 00:00:00,22.317131
2009-05-11 00:00:00,22.054328
2009-05-12 00:00:00,21.81797
2009-05-13 00:00:00,22.516821
2009-05-14 00:00:00,23.568804
2009-05-15 00:00:00,23.544086
2009-05-16 00:00:00,23.325847
2009-05-17 00:00:00,22.990685
2009-05-18 00:00:00,22.730457
2009-05-19 00:00:00,22.191089
2009-05-20 00:00:00,21.52147
2009-05-21 00:00:00,20.86224
2009-05-22 00:00:00,20.593683
2009-05-23 00:00:00,20.613138
2009-05-24 00:00:00,19.907561
2009-05-25 00:00:00,19.239587
2009-05-26 00:00:00,19.080801
2009-05-27 00:00:00,19.562351
2009-05-28 00:00:00,19.308293
2009-05-29 00:00:00,18.527947
2009-05-30 00:00:00,17.82728
2009-05-31 00:00:00,17.137977
2009-06-01 00:00:00,16.642237
2009-06-02 00:00:00,16.170407
2009-06-03 00:00:00,15.506642
2009-06-04 00:00:00,14.762012
2009-06-05 00:00:00,14.015071
2009-06-06 00:00:00,13.59521
2009-06-07 00:00:00,13.730657
2009-06-08 00:00:00,15.28869
2009-06-09 00:00:00,14.891578
2009-06-10 00:00:00,14.619039
2009-06-11 00:00:00,14.349136
2009-06-12 00:00:00,14.037256
2009-06-13 00:00:00,14.108945
2009-06-14 00:00:00,13.548975
2009-06-15 00:00:00,12.952076
2009-06-16 00:00:00,12.620825
2009-06-17 00:00:00,12.35475
2009-06-18 00:00:00,12.742122
2009-06-19 00:00:00,15.526063
2009-06-20 00:00:00,15.855908
2009-06-21 00:00:00,15.879598
2009-06-22 00:00:00,15.876952
2009-06-23 00:00:00,15.484859
2009-06-24 00:00:00,14.987686
2009-06-25 00:00:00,14.657261
2009-06-26 00:00:00,14.193076
2009-06-27 00:00:00,13.913545
2009-06-28 00:00:00,13.566753
2009-06-29 00:00:00,13.276919
2009-06-30 00:00:00,13.090254
2009-07-01 00:00:00,12.920134
2009-07-02 00:00:00,12.584219
2009-07-03 00:00:00,12.101989
2009-07-04 00:00:00,11.840581
2009-07-05 00:00:00,11.254642
2009-07-06 00:00:00,10.669465
2009-07-07 00:00:00,10.204253
2009-07-08 00:00:00,10.03102
2009-07-09 00:00:00,9.684944
2009-07-10 00:00:00,9.700571
2009-07-11 00:00:00,9.492628
2009-07-12 00:00:00,9.02938
2009-07-13 00:00:00,8.608434
2009-07-14 00:00:00,8.381804
2009-07-15 00:00:00,8.19436
2009-07-16 00:00:00,7.754604
2009-07-17 00:00:00,7.62386
2009-07-18 00:00:00,7.367188
2009-07-19 00:00:00,7.038586
2009-07-20 00:00:00,6.663834
2009-07-21 00:00:00,6.991078
2009-07-22 00:00:00,7.16736
2009-07-23 00:00:00,6.851936
2009-07-24 00:00:00,6.638946
2009-07-25 00:00:00,6.351921
2009-07-26 00:00:00,6.021182
2009-07-27 00:00:00,5.802151
2009-07-28 00:00:00,5.469749
2009-07-29 00:00:00,5.143704
2009-07-30 00:00:00,5.301833
2009-07-31 00:00:00,5.050712
2009-08-01 00:00:00,4.78291
2009-08-02 00:00:00,4.488349
2009-08-03 00:00:00,4.275515
2009-08-04 00:00:00,3.980574
2009-08-05 00:00:00,3.720028
2009-08-06 00:00:00,3.502546
2009-08-07 00:00:00,3.743556
2009-08-08 00:00:00,4.974059
2009-08-09 00:00:00,5.132617
2009-08-10 00:00:00,5.092526
2009-08-11 00:00:00,4.855662
2009-08-12 00:00:00,4.609784
2009-08-13 00:00:00,4.402977
2009-08-14 00:00:00,4.199473
2009-08-15 00:00:00,3.97876
2009-08-16 00:00:00,3.944619
2009-08-17 00:00:00,3.819912
2009-08-18 00:00:00,3.639989
2009-08-19 00:00:00,3.625599
2009-08-20 00:00:00,3.838796
2009-08-21 00:00:00,3.912278
2009-08-22 00:00:00,3.797483
2009-08-23 00:00:00,3.640606
2009-08-24 00:00:00,3.473031
2009-08-25 00:00:00,3.374513
2009-08-26 00:00:00,3.351197
2009-08-27 00:00:00,3.653407
2009-08-28 00:00:00,3.628774
2009-08-29 00:00:00,3.736787
2009-08-30 00:00:00,3.619125
2009-08-31 00:00:00,3.469261
2009-09-01 00:00:00,3.291776
2009-09-02 00:00:00,3.123631
2009-09-03 00:00:00,2.949263
2009-09-04 00:00:00,2.747068
2009-09-05 00:00:00,2.54765
2009-09-06 00:00:00,2.373526
2009-09-07 00:00:00,2.191031
2009-09-08 00:00:00,2.017338
2009-09-09 00:00:00,1.873157
2009-09-10 00:00:00,1.72219
2009-09-11 00:00:00,1.579534
2009-09-12 00:00:00,1.406012
2009-09-13 00:00:00,1.235239
2009-09-14 00:00:00,1.076429
2009-09-15 00:00:00,0.929501
2009-09-16 00:00:00,0.866699
2009-09-17 00:00:00,0.826645
2009-09-18 00:00:00,0.790406
2009-09-19 00:00:00,0.753329
2009-09-20 00:00:00,0.735207
2009-09-21 00:00:00,0.734278
2009-09-22 00:00:00,2.258186
2009-09-23 00:00:00,2.37057
2009-09-24 00:00:00,2.35433
2009-09-25 00:00:00,2.505271
2009-09-26 00:00:00,2.439867
2009-09-27 00:00:00,2.530301
2009-09-28 00:00:00,2.701751
2009-09-29 00:00:00,2.71406
2009-09-30 00:00:00,2.651248
2009-10-01 00:00:00,2.941495
2009-10-02 00:00:00,3.205201
2009-10-03 00:00:00,3.341766
2009-10-04 00:00:00,3.361219
2009-10-05 00:00:00,3.342077
2009-10-06 00:00:00,3.76789
2009-10-07 00:00:00,3.769607
2009-10-08 00:00:00,3.940582
2009-10-09 00:00:00,3.973028
2009-10-10 00:00:00,3.992888
2009-10-11 00:00:00,3.985884
2009-10-12 00:00:00,4.021509
2009-10-13 00:00:00,3.981291
2009-10-14 00:00:00,4.095978
2009-10-15 00:00:00,4.311479
2009-10-16 00:00:00,4.305818
2009-10-17 00:00:00,4.265106
2009-10-18 00:00:00,4.18917
2009-10-19 00:00:00,4.09954
2009-10-20 00:00:00,4.066528
2009-10-21 00:00:00,4.109921
2009-10-22 00:00:00,5.068073
2009-10-23 00:00:00,6.299193
2009-10-24 00:00:00,6.685766
2009-10-25 00:00:00,6.842518
2009-10-26 00:00:00,7.156795
2009-10-27 00:00:00,7.267756
2009-10-28 00:00:00,7.305327
2009-10-29 00:00:00,7.953886
2009-10-30 00:00:00,9.225772
2009-10-31 00:00:00,9.313884
2009-11-01 00:00:00,9.493751
2009-11-02 00:00:00,9.578706
2009-11-03 00:00:00,9.637264
2009-11-04 00:00:00,9.667184
2009-11-05 00:00:00,9.625731
2009-11-06 00:00:00,9.5732
2009-11-07 00:00:00,9.468562
2009-11-08 00:00:00,9.38161
2009-11-09 00:00:00,9.249266
2009-11-10 00:00:00,9.109453
2009-11-11 00:00:00,8.974738
2009-11-12 00:00:00,8.835481
2009-11-13 00:00:00,8.672447
2009-11-14 00:00:00,8.539101
2009-11-15 00:00:00,8.367307
2009-11-16 00:00:00,8.20279
2009-11-17 00:00:00,8.043693
2009-11-18 00:00:00,8.043224
2009-11-19 00:00:00,7.981682
2009-11-20 00:00:00,7.858298
2009-11-21 00:00:00,7.674651
2009-11-22 00:00:00,7.515532
2009-11-23 00:00:00,7.358735
2009-11-24 00:00:00,7.455372
2009-11-25 00:00:00,8.002887
2009-11-26 00:00:00,8.44752
2009-11-27 00:00:00,8.399903
2009-11-28 00:00:00,8.3098
2009-11-29 00:00:00,8.245725
2009-11-30 00:00:00,8.139169
2009-12-01 00:00:00,8.012452
2009-12-02 00:00:00,7.885228
2009-12-03 00:00:00,7.878859
2009-12-04 00:00:00,7.80195
2009-12-05 00:00:00,7.683708
2009-12-06 00:00:00,7.607671
2009-12-07 00:00:00,7.590559
2009-12-08 00:00:00,8.200863
2009-12-09 00:00:00,9.00391
2009-12-10 00:00:00,8.905734
2009-12-11 00:00:00,8.800912
2009-12-12 00:00:00,8.699441
2009-12-13 00:00:00,8.612236
2009-12-14 00:00:00,8.586306
2009-12-15 00:00:00,8.50187
2009-12-16 00:00:00,8.400215
2009-12-17 00:00:00,8.286778
2009-12-18 00:00:00,8.162947
2009-12-19 00:00:00,8.04262
2009-12-20 00:00:00,7.925315
2009-12-21 00:00:00,7.890909
2009-12-22 00:00:00,8.010285
2009-12-23 00:00:00,8.305228
2009-12-24 00:00:00,8.640411
2009-12-25 00:00:00,9.412468
2009-12-26 00:00:00,9.687764
2009-12-27 00:00:00,9.706488
2009-12-28 00:00:00,9.710001
2009-12-29 00:00:00,9.717717
2009-12-30 00:00:00,9.744363
2009-12-31 00:00:00,9.699183
2010-01-01 00:00:00,9.633565
2010-01-02 00:00:00,9.553374
2010-01-03 00:00:00,9.464966
2010-01-04 00:00:00,9.371691
2010-01-05 00:00:00,9.272509
2010-01-06 00:00:00,9.288881
2010-01-07 00:00:00,9.685527
2010-01-08 00:00:00,9.407672
2010-01-09 00:00:00,9.250597
2010-01-10 00:00:00,9.095378
2010-01-11 00:00:00,8.942433
2010-01-12 00:00:00,8.784039
2010-01-13 00:00:00,8.625487
2010-01-14 00:00:00,8.467939
2010-01-15 00:00:00,8.319589
2010-01-16 00:00:00,8.168561
2010-01-17 00:00:00,8.016678
2010-01-18 00:00:00,7.867126
2010-01-19 00:00:00,7.721597
2010-01-20 00:00:00,7.580292
2010-01-21 00:00:00,7.447069
2010-01-22 00:00:00,7.303432
2010-01-23 00:00:00,7.159273
2010-01-24 00:00:00,7.876554
2010-01-25 00:00:00,8.095371
2010-01-26 00:00:00,8.113085
2010-01-27 00:00:00,8.117892
2010-01-28 00:00:00,8.112122
2010-01-29 00:00:00,8.099336
2010-01-30 00:00:00,8.059955
2010-01-31 00:00:00,8.001333
2010-02-01 00:00:00,8.084433
2010-02-02 00:00:00,8.147744
2010-02-03 00:00:00,8.020396
2010-02-04 00:00:00,7.934373
2010-02-05 00:00:00,7.850084
2010-02-06 00:00:00,7.748087
2010-02-07 00:00:00,7.681297
2010-02-08 00:00:00,7.779549
2010-02-09 00:00:00,8.0611
2010-02-10 00:00:00,7.810463
2010-02-11 00:00:00,7.674272
2010-02-12 00:00:00,7.551777
2010-02-13 00:00:00,7.422015
2010-02-14 00:00:00,7.295486
2010-02-15 00:00:00,7.23979
2010-02-16 00:00:00,7.114825
2010-02-17 00:00:00,6.996195
2010-02-18 00:00:00,6.865258
2010-02-19 00:00:00,6.773627
2010-02-20 00:00:00,6.774768
2010-02-21 00:00:00,6.691986
2010-02-22 00:00:00,6.666587
2010-02-23 00:00:00,6.614373
2010-02-24 00:00:00,6.504424
2010-02-25 00:00:00,6.375314
2010-02-26 00:00:00,6.250321
2010-02-27 00:00:00,6.134782
2010-02-28 00:00:00,6.023979
2010-03-01 00:00:00,5.898525
2010-03-02 00:00:00,5.782586
2010-03-03 00:00:00,5.662593
2010-03-04 00:00:00,5.535073
2010-03-05 00:00:00,5.418031
2010-03-06 00:00:00,5.324
2010-03-07 00:00:00,5.217703
2010-03-08 00:00:00,5.072911
2010-03-09 00:00:00,5.388766
2010-03-10 00:00:00,7.152113
2010-03-11 00:00:00,8.376358
2010-03-12 00:00:00,9.08262
2010-03-13 00:00:00,9.647108
2010-03-14 00:00:00,9.866495
2010-03-15 00:00:00,10.052919
2010-03-16 00:00:00,10.185467
2010-03-17 00:00:00,10.25643
2010-03-18 00:00:00,10.296906
2010-03-19 00:00:00,10.511733
2010-03-20 00:00:00,10.841434
2010-03-21 00:00:00,10.849976
2010-03-22 00:00:00,10.766785
2010-03-23 00:00:00,10.634535
2010-03-24 00:00:00,10.480498
2010-03-25 00:00:00,10.357756
2010-03-26 00:00:00,10.236923
2010-03-27 00:00:00,10.118843
2010-03-28 00:00:00,9.912808
2010-03-29 00:00:00,9.67531
2010-03-30 00:00:00,9.393168
2010-03-31 00:00:00,9.077384
2010-04-01 00:00:00,8.749406
2010-04-02 00:00:00,8.515465
2010-04-03 00:00:00,8.375812
2010-04-04 00:00:00,8.16563
2010-04-05 00:00:00,8.175709
2010-04-06 00:00:00,9.64045
2010-04-07 00:00:00,11.242387
2010-04-08 00:00:00,12.307266
2010-04-09 00:00:00,12.547633
2010-04-10 00:00:00,12.731562
2010-04-11 00:00:00,12.633874
2010-04-12 00:00:00,12.731095
2010-04-13 00:00:00,12.614779
2010-04-14 00:00:00,12.385136
2010-04-15 00:00:00,12.115231
2010-04-16 00:00:00,11.97852
2010-04-17 00:00:00,11.765525
2010-04-18 00:00:00,11.549273
2010-04-19 00:00:00,11.321156
2010-04-20 00:00:00,11.013602
2010-04-21 00:00:00,10.710971
2010-04-22 00:00:00,10.428717
2010-04-23 00:00:00,10.267237
2010-04-24 00:00:00,10.633576
2010-04-25 00:00:00,11.733506
2010-04-26 00:00:00,11.562856
2010-04-27 00:00:00,11.318393
2010-04-28 00:00:00,11.030281
2010-04-29 00:00:00,10.77615
2010-04-30 00:00:00,10.793596
2010-05-01 00:00:00,11.01465
2010-05-02 00:00:00,10.901098
2010-05-03 00:00:00,10.614812
2010-05-04 00:00:00,10.314561
2010-05-05 00:00:00,10.125762
2010-05-06 00:00:00,9.929418
2010-05-07 00:00:00,10.368978
2010-05-08 00:00:00,10.493531
2010-05-09 00:00:00,10.265477
2010-05-10 00:00:00,10.08583
2010-05-11 00:00:00,11.055189
2010-05-12 00:00:00,11.588716
2010-05-13 00:00:00,13.406045
2010-05-14 00:00:00,13.720409
2010-05-15 00:00:00,13.820837
2010-05-16 00:00:00,14.004021
2010-05-17 00:00:00,13.994234
2010-05-18 00:00:00,13.795668
2010-05-19 00:00:00,13.468183
2010-05-20 00:00:00,13.224566
2010-05-21 00:00:00,13.495354
2010-05-22 00:00:00,13.253959
2010-05-23 00:00:00,12.856281
2010-05-24 00:00:00,12.406377
2010-05-25 00:00:00,12.378619
2010-05-26 00:00:00,12.641362
2010-05-27 00:00:00,12.688469
2010-05-28 00:00:00,12.213314
2010-05-29 00:00:00,11.717331
2010-05-30 00:00:00,11.23235
2010-05-31 00:00:00,10.81275
2010-06-01 00:00:00,10.347843
2010-06-02 00:00:00,10.226334
2010-06-03 00:00:00,10.120407
2010-06-04 00:00:00,10.422557
2010-06-05 00:00:00,11.160111
2010-06-06 00:00:00,11.893337
2010-06-07 00:00:00,11.76361
2010-06-08 00:00:00,12.617477
2010-06-09 00:00:00,12.473927
2010-06-10 00:00:00,12.188078
2010-06-11 00:00:00,12.162196
2010-06-12 00:00:00,12.001761
2010-06-13 00:00:00,11.892238
2010-06-14 00:00:00,11.93338
2010-06-15 00:00:00,12.772534
2010-06-16 00:00:00,13.054728
2010-06-17 00:00:00,12.751406
2010-06-18 00:00:00,12.880923
2010-06-19 00:00:00,12.688358
2010-06-20 00:00:00,12.419649
2010-06-21 00:00:00,13.956209
2010-06-22 00:00:00,15.263941
2010-06-23 00:00:00,16.985034
2010-06-24 00:00:00,17.261974
2010-06-25 00:00:00,17.672295
2010-06-26 00:00:00,18.940567
2010-06-27 00:00:00,19.928397
2010-06-28 00:00:00,20.075492
2010-06-29 00:00:00,20.168755
2010-06-30 00:00:00,20.021563
2010-07-01 00:00:00,19.753636
2010-07-02 00:00:00,19.361172
2010-07-03 00:00:00,18.896148
2010-07-04 00:00:00,18.547196
2010-07-05 00:00:00,18.577355
2010-07-06 00:00:00,18.157015
2010-07-07 00:00:00,19.039466
2010-07-08 00:00:00,18.798437
2010-07-09 00:00:00,18.046325
2010-07-10 00:00:00,17.231672
2010-07-11 00:00:00,16.613722
2010-07-12 00:00:00,15.998163
2010-07-13 00:00:00,15.41383
2010-07-14 00:00:00,14.398288
2010-07-15 00:00:00,16.288444
2010-07-16 00:00:00,16.158687
2010-07-17 00:00:00,15.949224
2010-07-18 00:00:00,16.188015
2010-07-19 00:00:00,15.94746
2010-07-20 00:00:00,15.63774
2010-07-21 00:00:00,15.219542
2010-07-22 00:00:00,19.40739
2010-07-23 00:00:00,23.51986
2010-07-24 00:00:00,26.326505
2010-07-25 00:00:00,27.877891
2010-07-26 00:00:00,28.558111
2010-07-27 00:00:00,28.738814
2010-07-28 00:00:00,29.030616
2010-07-29 00:00:00,28.790348
2010-07-30 00:00:00,29.330953
2010-07-31 00:00:00,29.071312
2010-08-01 00:00:00,28.392343
2010-08-02 00:00:00,27.629117
2010-08-03 00:00:00,26.721396
2010-08-04 00:00:00,25.776034
2010-08-05 00:00:00,24.721559
2010-08-06 00:00:00,23.723373
2010-08-07 00:00:00,22.714438
2010-08-08 00:00:00,24.754201
2010-08-09 00:00:00,25.206813
2010-08-10 00:00:00,24.442918
2010-08-11 00:00:00,23.573459
2010-08-12 00:00:00,22.675408
2010-08-13 00:00:00,24.534802
2010-08-14 00:00:00,25.973341
2010-08-15 00:00:00,25.748313
2010-08-16 00:00:00,25.454391
2010-08-17 00:00:00,25.117964
2010-08-18 00:00:00,24.765415
2010-08-19 00:00:00,24.245585
2010-08-20 00:00:00,23.905008
2010-08-21 00:00:00,23.815538
2010-08-22 00:00:00,23.115625
2010-08-23 00:00:00,22.331736
2010-08-24 00:00:00,21.59566
2010-08-25 00:00:00,20.809011
2010-08-26 00:00:00,20.008943
2010-08-27 00:00:00,19.191348
2010-08-28 00:00:00,18.320732
2010-08-29 00:00:00,17.473884
2010-08-30 00:00:00,16.668225
2010-08-31 00:00:00,16.956649
2010-09-01 00:00:00,18.694427
2010-09-02 00:00:00,19.841659
2010-09-03 00:00:00,20.486497
2010-09-04 00:00:00,20.117605
2010-09-05 00:00:00,19.703332
2010-09-06 00:00:00,19.194192
2010-09-07 00:00:00,18.640028
2010-09-08 00:00:00,18.016734
2010-09-09 00:00:00,17.430739
2010-09-10 00:00:00,16.859737
2010-09-11 00:00:00,16.933406
2010-09-12 00:00:00,16.280526
2010-09-13 00:00:00,15.570718
2010-09-14 00:00:00,14.905465
2010-09-15 00:00:00,14.307415
2010-09-16 00:00:00,13.910649
2010-09-17 00:00:00,13.532068
2010-09-18 00:00:00,14.290414
2010-09-19 00:00:00,14.020869
2010-09-20 00:00:00,13.565361
2010-09-21 00:00:00,13.065968
2010-09-22 00:00:00,12.575527
2010-09-23 00:00:00,12.151074
2010-09-24 00:00:00,12.023104
2010-09-25 00:00:00,11.640499
2010-09-26 00:00:00,11.221898
2010-09-27 00:00:00,10.777821
2010-09-28 00:00:00,10.363793
2010-09-29 00:00:00,9.950049
2010-09-30 00:00:00,9.541568
2010-10-01 00:00:00,9.182603
2010-10-02 00:00:00,8.920467
2010-10-03 00:00:00,8.599269
2010-10-04 00:00:00,8.259082
2010-10-05 00:00:00,7.909238
2010-10-06 00:00:00,7.575745
2010-10-07 00:00:00,7.233324
2010-10-08 00:00:00,6.878489
2010-10-09 00:00:00,6.543596
2010-10-10 00:00:00,6.198939
2010-10-11 00:00:00,5.898808
2010-10-12 00:00:00,5.624073
2010-10-13 00:00:00,5.384736
2010-10-14 00:00:00,5.16539
2010-10-15 00:00:00,4.962935
2010-10-16 00:00:00,4.746845
2010-10-17 00:00:00,4.538695
2010-10-18 00:00:00,4.38244
2010-10-19 00:00:00,4.212197
2010-10-20 00:00:00,4.035111
2010-10-21 00:00:00,3.885547
2010-10-22 00:00:00,3.699459
2010-10-23 00:00:00,3.935779
2010-10-24 00:00:00,4.962101
2010-10-25 00:00:00,5.018374
2010-10-26 00:00:00,6.185618
2010-10-27 00:00:00,6.306713
2010-10-28 00:00:00,6.376238
2010-10-29 00:00:00,6.351371
2010-10-30 00:00:00,6.287987
2010-10-31 00:00:00,6.219232
2010-11-01 00:00:00,6.133719
2010-11-02 00:00:00,6.03832
2010-11-03 00:00:00,5.936277
2010-11-04 00:00:00,5.893003
2010-11-05 00:00:00,5.830873
2010-11-06 00:00:00,5.772353
2010-11-07 00:00:00,5.683616
2010-11-08 00:00:00,5.583751
2010-11-09 00:00:00,5.482965
2010-11-10 00:00:00,5.375682
2010-11-11 00:00:00,5.274229
2010-11-12 00:00:00,5.337443
2010-11-13 00:00:00,5.602236
2010-11-14 00:00:00,5.634806
2010-11-15 00:00:00,5.593753
2010-11-16 00:00:00,5.550139
2010-11-17 00:00:00,5.57722
2010-11-18 00:00:00,5.523418
2010-11-19 00:00:00,5.462283
2010-11-20 00:00:00,5.399472
2010-11-21 00:00:00,5.413111
2010-11-22 00:00:00,5.467604
2010-11-23 00:00:00,5.419857
2010-11-24 00:00:00,5.56621
2010-11-25 00:00:00,5.718699
2010-11-26 00:00:00,5.677279
2010-11-27 00:00:00,5.634072
2010-11-28 00:00:00,5.577572
2010-11-29 00:00:00,5.596406
2010-11-30 00:00:00,5.658701
2010-12-01 00:00:00,5.635436
2010-12-02 00:00:00,5.590061
2010-12-03 00:00:00,5.875383
2010-12-04 00:00:00,6.162389
2010-12-05 00:00:00,5.970096
2010-12-06 00:00:00,5.881333
2010-12-07 00:00:00,5.801137
2010-12-08 00:00:00,5.724795
2010-12-09 00:00:00,5.753778
2010-12-10 00:00:00,5.665955
2010-12-11 00:00:00,5.918787
2010-12-12 00:00:00,6.414964
2010-12-13 00:00:00,6.439081
2010-12-14 00:00:00,6.445505
2010-12-15 00:00:00,6.449228
2010-12-16 00:00:00,6.468935
2010-12-17 00:00:00,6.465108
2010-12-18 00:00:00,6.458136
2010-12-19 00:00:00,6.431054
2010-12-20 00:00:00,6.71013
2010-12-21 00:00:00,6.620975
2010-12-22 00:00:00,6.544574
2010-12-23 00:00:00,6.478881
2010-12-24 00:00:00,6.601303
2010-12-25 00:00:00,6.49782
2010-12-26 00:00:00,6.41751
2010-12-27 00:00:00,6.342386
2010-12-28 00:00:00,6.267569
2010-12-29 00:00:00,6.177108
2010-12-30 00:00:00,6.069903
2010-12-31 00:00:00,6.181116
2011-01-01 00:00:00,6.304723
2011-01-02 00:00:00,6.312288
2011-01-03 00:00:00,6.318987
2011-01-04 00:00:00,6.310671
2011-01-05 00:00:00,6.327959
2011-01-06 00:00:00,6.311012
2011-01-07 00:00:00,6.29291
2011-01-08 00:00:00,6.255218
2011-01-09 00:00:00,6.209524
2011-01-10 00:00:00,6.236257
2011-01-11 00:00:00,6.3169
2011-01-12 00:00:00,6.234931
2011-01-13 00:00:00,6.162907
2011-01-14 00:00:00,6.177139
2011-01-15 00:00:00,6.117464
2011-01-16 00:00:00,6.049212
2011-01-17 00:00:00,6.443731
2011-01-18 00:00:00,6.260836
2011-01-19 00:00:00,6.167678
2011-01-20 00:00:00,6.079018
2011-01-21 00:00:00,6.009418
2011-01-22 00:00:00,5.930306
2011-01-23 00:00:00,5.84948
2011-01-24 00:00:00,5.760379
2011-01-25 00:00:00,5.6781
2011-01-26 00:00:00,5.619059
2011-01-27 00:00:00,5.656548
2011-01-28 00:00:00,5.558822
2011-01-29 00:00:00,5.478207
2011-01-30 00:00:00,5.392923
2011-01-31 00:00:00,5.725988
2011-02-01 00:00:00,6.21975
2011-02-02 00:00:00,6.026497
2011-02-03 00:00:00,5.876585
2011-02-04 00:00:00,5.743123
2011-02-05 00:00:00,5.643035
2011-02-06 00:00:00,5.686038
2011-02-07 00:00:00,5.560308
2011-02-08 00:00:00,5.455981
2011-02-09 00:00:00,5.36385
2011-02-10 00:00:00,5.275828
2011-02-11 00:00:00,5.202455
2011-02-12 00:00:00,5.107754
2011-02-13 00:00:00,4.950889
2011-02-14 00:00:00,4.926558
2011-02-15 00:00:00,4.86939
2011-02-16 00:00:00,4.806413
2011-02-17 00:00:00,4.493988
2011-02-18 00:00:00,5.49977
2011-02-19 00:00:00,6.232798
2011-02-20 00:00:00,7.695187
2011-02-21 00:00:00,8.390014
2011-02-22 00:00:00,8.610048
2011-02-23 00:00:00,8.82629
2011-02-24 00:00:00,9.004377
2011-02-25 00:00:00,9.19733
2011-02-26 00:00:00,9.462535
2011-02-27 00:00:00,9.497138
2011-02-28 00:00:00,9.552061
2011-03-01 00:00:00,9.536314
2011-03-02 00:00:00,9.624771
2011-03-03 00:00:00,9.48435
2011-03-04 00:00:00,9.828039
2011-03-05 00:00:00,10.546333
2011-03-06 00:00:00,10.80262
2011-03-07 00:00:00,10.957512
2011-03-08 00:00:00,11.367914
2011-03-09 00:00:00,11.968967
2011-03-10 00:00:00,12.231121
2011-03-11 00:00:00,12.318369
2011-03-12 00:00:00,12.406654
2011-03-13 00:00:00,12.403557
2011-03-14 00:00:00,12.357058
2011-03-15 00:00:00,12.265232
2011-03-16 00:00:00,12.110651
2011-03-17 00:00:00,11.945823
2011-03-18 00:00:00,11.817071
2011-03-19 00:00:00,11.605024
2011-03-20 00:00:00,13.26386
2011-03-21 00:00:00,13.676015
2011-03-22 00:00:00,14.828324
2011-03-23 00:00:00,16.163447
2011-03-24 00:00:00,16.622205
2011-03-25 00:00:00,16.929117
2011-03-26 00:00:00,17.113782
2011-03-27 00:00:00,17.168654
2011-03-28 00:00:00,17.177734
2011-03-29 00:00:00,17.164077
2011-03-30 00:00:00,17.016797
2011-03-31 00:00:00,16.79211
2011-04-01 00:00:00,17.533888
2011-04-02 00:00:00,17.657133
2011-04-03 00:00:00,17.729292
2011-04-04 00:00:00,17.997222
2011-04-05 00:00:00,17.810393
2011-04-06 00:00:00,17.84053
2011-04-07 00:00:00,17.57689
2011-04-08 00:00:00,17.413388
2011-04-09 00:00:00,17.016081
2011-04-10 00:00:00,16.576708
2011-04-11 00:00:00,16.240721
2011-04-12 00:00:00,15.769686
2011-04-13 00:00:00,15.3508
2011-04-14 00:00:00,15.083009
2011-04-15 00:00:00,15.202532
2011-04-16 00:00:00,15.437717
2011-04-17 00:00:00,15.12062
2011-04-18 00:00:00,14.828253
2011-04-19 00:00:00,16.07464
2011-04-20 00:00:00,16.591555
2011-04-21 00:00:00,16.445271
2011-04-22 00:00:00,16.872361
2011-04-23 00:00:00,17.069294
2011-04-24 00:00:00,16.891115
2011-04-25 00:00:00,16.786563
2011-04-26 00:00:00,18.296395
2011-04-27 00:00:00,18.576415
2011-04-28 00:00:00,18.732858
2011-04-29 00:00:00,18.579142
2011-04-30 00:00:00,18.424873
2011-05-01 00:00:00,18.145206
2011-05-02 00:00:00,17.850982
2011-05-03 00:00:00,17.673128
2011-05-04 00:00:00,17.244412
2011-05-05 00:00:00,17.179561
2011-05-06 00:00:00,16.814381
2011-05-07 00:00:00,16.446736
2011-05-08 00:00:00,15.895536
2011-05-09 00:00:00,15.564881
2011-05-10 00:00:00,15.175264
2011-05-11 00:00:00,15.423803
2011-05-12 00:00:00,15.195631
2011-05-13 00:00:00,14.872608
2011-05-14 00:00:00,14.788079
2011-05-15 00:00:00,14.434923
2011-05-16 00:00:00,13.935296
2011-05-17 00:00:00,13.42279
2011-05-18 00:00:00,13.258388
2011-05-19 00:00:00,12.793657
2011-05-20 00:00:00,12.252379
2011-05-21 00:00:00,11.915606
2011-05-22 00:00:00,11.337004
2011-05-23 00:00:00,10.929381
2011-05-24 00:00:00,10.580037
2011-05-25 00:00:00,11.526846
2011-05-26 00:00:00,11.708472
2011-05-27 00:00:00,11.492616
2011-05-28 00:00:00,11.367024
2011-05-29 00:00:00,11.409609
2011-05-30 00:00:00,11.00404
2011-05-31 00:00:00,10.601821
2011-06-01 00:00:00,10.169534
2011-06-02 00:00:00,9.89263
2011-06-03 00:00:00,9.512738
2011-06-04 00:00:00,9.070404
2011-06-05 00:00:00,8.651045
2011-06-06 00:00:00,8.294834
2011-06-07 00:00:00,7.890488
2011-06-08 00:00:00,8.324355
2011-06-09 00:00:00,8.795141
2011-06-10 00:00:00,8.980867
2011-06-11 00:00:00,8.82916
2011-06-12 00:00:00,8.609522
2011-06-13 00:00:00,8.295945
2011-06-14 00:00:00,8.007051
2011-06-15 00:00:00,8.329904
2011-06-16 00:00:00,8.136028
2011-06-17 00:00:00,7.815573
2011-06-18 00:00:00,7.543647
2011-06-19 00:00:00,7.979968
2011-06-20 00:00:00,7.91425
2011-06-21 00:00:00,7.882569
2011-06-22 00:00:00,8.347736
2011-06-23 00:00:00,8.582526
2011-06-24 00:00:00,8.394364
2011-06-25 00:00:00,8.178714
2011-06-26 00:00:00,7.959198
2011-06-27 00:00:00,7.848808
2011-06-28 00:00:00,7.569257
2011-06-29 00:00:00,7.279786
2011-06-30 00:00:00,7.000754
2011-07-01 00:00:00,6.88386
2011-07-02 00:00:00,6.552817
2011-07-03 00:00:00,6.227782
2011-07-04 00:00:00,5.889702
2011-07-05 00:00:00,5.621345
2011-07-06 00:00:00,5.441243
2011-07-07 00:00:00,5.206211
2011-07-08 00:00:00,4.90851
2011-07-09 00:00:00,4.605581
2011-07-10 00:00:00,4.418435
2011-07-11 00:00:00,4.812578
2011-07-12 00:00:00,4.546019
2011-07-13 00:00:00,4.339534
2011-07-14 00:00:00,4.100229
2011-07-15 00:00:00,3.94155
2011-07-16 00:00:00,3.799218
2011-07-17 00:00:00,3.487279
2011-07-18 00:00:00,3.243277
2011-07-19 00:00:00,2.915122
2011-07-20 00:00:00,2.55723
2011-07-21 00:00:00,2.295131
2011-07-22 00:00:00,2.336186
2011-07-23 00:00:00,2.227616
2011-07-24 00:00:00,2.148723
2011-07-25 00:00:00,1.902887
2011-07-26 00:00:00,1.72481
2011-07-27 00:00:00,1.978449
2011-07-28 00:00:00,2.227221
2011-07-29 00:00:00,2.010205
2011-07-30 00:00:00,1.801341
2011-07-31 00:00:00,1.591654
2011-08-01 00:00:00,1.388631
2011-08-02 00:00:00,1.190507
2011-08-03 00:00:00,1.012785
2011-08-04 00:00:00,0.891222
2011-08-05 00:00:00,0.857286
2011-08-06 00:00:00,0.806435
2011-08-07 00:00:00,0.901047
2011-08-08 00:00:00,0.944671
2011-08-09 00:00:00,0.880227
2011-08-10 00:00:00,0.823016
2011-08-11 00:00:00,0.767234
2011-08-12 00:00:00,0.749543
2011-08-13 00:00:00,0.877809
2011-08-14 00:00:00,0.823323
2011-08-15 00:00:00,0.772822
2011-08-16 00:00:00,0.723975
2011-08-17 00:00:00,0.683944
2011-08-18 00:00:00,0.62911
2011-08-19 00:00:00,0.589949
2011-08-20 00:00:00,0.669389
2011-08-21 00:00:00,0.620063
2011-08-22 00:00:00,0.585998
2011-08-23 00:00:00,0.809502
2011-08-24 00:00:00,0.720472
2011-08-25 00:00:00,0.678372
2011-08-26 00:00:00,0.638268
2011-08-27 00:00:00,0.600835
2011-08-28 00:00:00,0.571694
2011-08-29 00:00:00,0.539327
2011-08-30 00:00:00,0.569939
2011-08-31 00:00:00,0.545588
2011-09-01 00:00:00,0.501615
2011-09-02 00:00:00,0.513377
2011-09-03 00:00:00,0.695408
2011-09-04 00:00:00,0.629783
2011-09-05 00:00:00,0.606987
2011-09-06 00:00:00,0.585025
2011-09-07 00:00:00,0.561874
2011-09-08 00:00:00,0.54174
2011-09-09 00:00:00,0.519794
2011-09-10 00:00:00,0.49897
2011-09-11 00:00:00,0.472301
2011-09-12 00:00:00,0.442328
2011-09-13 00:00:00,0.426568
2011-09-14 00:00:00,0.411749
2011-09-15 00:00:00,0.394602
2011-09-16 00:00:00,0.39097
2011-09-17 00:00:00,0.374915
2011-09-18 00:00:00,0.432486
2011-09-19 00:00:00,0.407462
2011-09-20 00:00:00,0.387087
2011-09-21 00:00:00,0.380887
2011-09-22 00:00:00,0.379602
2011-09-23 00:00:00,0.381088
2011-09-24 00:00:00,0.371079
2011-09-25 00:00:00,0.399817
2011-09-26 00:00:00,0.604949
2011-09-27 00:00:00,0.578038
2011-09-28 00:00:00,0.57164
2011-09-29 00:00:00,0.636954
2011-09-30 00:00:00,0.624174
2011-10-01 00:00:00,0.609425
2011-10-02 00:00:00,0.584982
2011-10-03 00:00:00,0.568535
2011-10-04 00:00:00,0.553969
2011-10-05 00:00:00,0.536415
2011-10-06 00:00:00,0.522547
2011-10-07 00:00:00,0.500767
2011-10-08 00:00:00,0.484753
2011-10-09 00:00:00,0.473496
2011-10-10 00:00:00,0.45824
2011-10-11 00:00:00,0.462639
2011-10-12 00:00:00,0.536696
2011-10-13 00:00:00,0.637248
2011-10-14 00:00:00,0.59941
2011-10-15 00:00:00,0.595464
2011-10-16 00:00:00,0.57999
2011-10-17 00:00:00,0.571617
2011-10-18 00:00:00,0.601972
2011-10-19 00:00:00,0.599382
2011-10-20 00:00:00,0.5922
2011-10-21 00:00:00,0.567715
2011-10-22 00:00:00,0.553372
2011-10-23 00:00:00,0.583525
2011-10-24 00:00:00,0.571941
2011-10-25 00:00:00,0.56996
2011-10-26 00:00:00,0.582914
2011-10-27 00:00:00,0.564904
2011-10-28 00:00:00,0.562103
2011-10-29 00:00:00,0.549533
2011-10-30 00:00:00,0.569359
2011-10-31 00:00:00,0.553073
2011-11-01 00:00:00,0.538187
2011-11-02 00:00:00,0.667419
2011-11-03 00:00:00,0.726093
2011-11-04 00:00:00,0.734879
2011-11-05 00:00:00,0.730485
2011-11-06 00:00:00,0.722235
2011-11-07 00:00:00,0.708404
2011-11-08 00:00:00,1.114806
2011-11-09 00:00:00,1.757719
2011-11-10 00:00:00,2.225111
2011-11-11 00:00:00,2.44662
2011-11-12 00:00:00,2.596291
2011-11-13 00:00:00,2.695542
2011-11-14 00:00:00,2.823203
2011-11-15 00:00:00,2.863232
2011-11-16 00:00:00,2.937802
2011-11-17 00:00:00,3.02655
2011-11-18 00:00:00,3.087767
2011-11-19 00:00:00,3.190893
2011-11-20 00:00:00,3.241877
2011-11-21 00:00:00,3.298798
2011-11-22 00:00:00,3.363941
2011-11-23 00:00:00,3.369603
2011-11-24 00:00:00,3.369078
2011-11-25 00:00:00,3.349084
2011-11-26 00:00:00,3.580681
2011-11-27 00:00:00,3.686748
2011-11-28 00:00:00,3.689953
2011-11-29 00:00:00,3.676197
2011-11-30 00:00:00,3.642565
2011-12-01 00:00:00,3.617884
2011-12-02 00:00:00,3.610794
2011-12-03 00:00:00,4.108284
2011-12-04 00:00:00,4.628846
2011-12-05 00:00:00,4.706706
2011-12-06 00:00:00,4.758429
2011-12-07 00:00:00,4.794215
2011-12-08 00:00:00,4.807155
2011-12-09 00:00:00,4.811245
2011-12-10 00:00:00,4.817261
2011-12-11 00:00:00,4.803297
2011-12-12 00:00:00,4.794337
2011-12-13 00:00:00,4.822559
2011-12-14 00:00:00,5.445995
2011-12-15 00:00:00,5.547082
2011-12-16 00:00:00,5.639391
2011-12-17 00:00:00,5.666971
2011-12-18 00:00:00,5.631176
2011-12-19 00:00:00,5.676274
2011-12-20 00:00:00,5.703077
2011-12-21 00:00:00,5.745906
2011-12-22 00:00:00,5.767544
2011-12-23 00:00:00,5.73944
2011-12-24 00:00:00,5.695142
2011-12-25 00:00:00,5.635375
2011-12-26 00:00:00,5.578219
2011-12-27 00:00:00,5.54314
2011-12-28 00:00:00,5.506347
2011-12-29 00:00:00,5.517609
2011-12-30 00:00:00,5.814221
2011-12-31 00:00:00,5.657794
2012-01-01 00:00:00,5.722265
2012-01-02 00:00:00,5.682435
2012-01-03 00:00:00,5.621506
2012-01-04 00:00:00,5.554109
2012-01-05 00:00:00,5.458903
2012-01-06 00:00:00,5.408107
2012-01-07 00:00:00,5.333605
2012-01-08 00:00:00,5.259619
2012-01-09 00:00:00,5.180656
2012-01-10 00:00:00,5.095028
2012-01-11 00:00:00,5.00716
2012-01-12 00:00:00,5.493167
2012-01-13 00:00:00,5.221279
2012-01-14 00:00:00,5.119715
2012-01-15 00:00:00,5.024759
2012-01-16 00:00:00,4.943202
2012-01-17 00:00:00,5.133923
2012-01-18 00:00:00,4.951863
2012-01-19 00:00:00,4.860219
2012-01-20 00:00:00,5.166643
2012-01-21 00:00:00,4.939395
2012-01-22 00:00:00,4.849279
2012-01-23 00:00:00,5.007656
2012-01-24 00:00:00,4.965942
2012-01-25 00:00:00,4.911585
2012-01-26 00:00:00,4.838517
2012-01-27 00:00:00,4.776008
2012-01-28 00:00:00,4.719291
2012-01-29 00:00:00,4.678377
2012-01-30 00:00:00,4.579648
2012-01-31 00:00:00,4.42611
2012-02-01 00:00:00,4.56854
2012-02-02 00:00:00,4.591384
2012-02-03 00:00:00,4.665623
2012-02-04 00:00:00,4.734033
2012-02-05 00:00:00,4.762756
2012-02-06 00:00:00,4.775606
2012-02-07 00:00:00,4.791549
2012-02-08 00:00:00,4.766827
2012-02-09 00:00:00,4.738244
2012-02-10 00:00:00,4.806955
2012-02-11 00:00:00,4.758559
2012-02-12 00:00:00,4.723576
2012-02-13 00:00:00,4.828913
2012-02-14 00:00:00,4.767819
2012-02-15 00:00:00,4.70743
2012-02-16 00:00:00,4.687882
2012-02-17 00:00:00,4.664149
2012-02-18 00:00:00,4.60217
2012-02-19 00:00:00,4.538351
2012-02-20 00:00:00,4.498933
2012-02-21 00:00:00,4.491996
2012-02-22 00:00:00,4.454111
2012-02-23 00:00:00,4.549134
2012-02-24 00:00:00,4.603398
2012-02-25 00:00:00,4.560629
2012-02-26 00:00:00,4.453621
2012-02-27 00:00:00,4.452949
2012-02-28 00:00:00,4.633017
2012-02-29 00:00:00,5.057193
2012-03-01 00:00:00,5.118971
2012-03-02 00:00:00,5.43595
2012-03-03 00:00:00,5.720783
2012-03-04 00:00:00,5.930487
2012-03-05 00:00:00,5.917484
2012-03-06 00:00:00,5.852353
2012-03-07 00:00:00,5.98837
2012-03-08 00:00:00,6.312249
2012-03-09 00:00:00,6.34998
2012-03-10 00:00:00,6.297083
2012-03-11 00:00:00,6.274142
2012-03-12 00:00:00,6.620619
2012-03-13 00:00:00,6.574577
2012-03-14 00:00:00,6.48524
2012-03-15 00:00:00,6.385739
2012-03-16 00:00:00,6.278609
2012-03-17 00:00:00,6.162821
2012-03-18 00:00:00,6.008066
2012-03-19 00:00:00,6.232915
2012-03-20 00:00:00,6.068861
2012-03-21 00:00:00,5.875216
2012-03-22 00:00:00,5.787311
2012-03-23 00:00:00,6.05481
2012-03-24 00:00:00,6.128001
2012-03-25 00:00:00,5.997057
2012-03-26 00:00:00,6.021953
2012-03-27 00:00:00,5.861982
2012-03-28 00:00:00,5.725659
2012-03-29 00:00:00,5.676328
2012-03-30 00:00:00,6.398153
2012-03-31 00:00:00,6.39318
2012-04-01 00:00:00,6.282728
2012-04-02 00:00:00,6.215319
2012-04-03 00:00:00,6.098041
2012-04-04 00:00:00,5.964278
2012-04-05 00:00:00,5.863918
2012-04-06 00:00:00,5.735489
2012-04-07 00:00:00,5.605525
2012-04-08 00:00:00,5.39739
2012-04-09 00:00:00,5.21329
2012-04-10 00:00:00,5.138582
2012-04-11 00:00:00,4.991241
2012-04-12 00:00:00,4.802548
2012-04-13 00:00:00,4.683846
2012-04-14 00:00:00,4.614483
2012-04-15 00:00:00,4.974648
2012-04-16 00:00:00,5.010582
2012-04-17 00:00:00,4.869401
2012-04-18 00:00:00,4.714356
2012-04-19 00:00:00,5.094329
2012-04-20 00:00:00,5.617297
2012-04-21 00:00:00,5.63143
2012-04-22 00:00:00,5.568859
2012-04-23 00:00:00,5.493595
2012-04-24 00:00:00,5.368403
2012-04-25 00:00:00,5.550721
2012-04-26 00:00:00,5.483146
2012-04-27 00:00:00,5.430944
2012-04-28 00:00:00,5.658719
2012-04-29 00:00:00,5.850757
2012-04-30 00:00:00,6.201309
2012-05-01 00:00:00,6.135497
2012-05-02 00:00:00,6.352895
2012-05-03 00:00:00,6.867022
2012-05-04 00:00:00,6.856789
2012-05-05 00:00:00,6.835986
2012-05-06 00:00:00,7.764944
2012-05-07 00:00:00,7.933033
2012-05-08 00:00:00,7.847549
2012-05-09 00:00:00,7.790886
2012-05-10 00:00:00,7.615109
2012-05-11 00:00:00,7.415585
2012-05-12 00:00:00,7.347593
2012-05-13 00:00:00,7.120296
2012-05-14 00:00:00,6.860426
2012-05-15 00:00:00,6.621339
2012-05-16 00:00:00,6.465084
2012-05-17 00:00:00,6.274145
2012-05-18 00:00:00,6.005304
2012-05-19 00:00:00,5.727187
2012-05-20 00:00:00,5.522007
2012-05-21 00:00:00,5.291235
2012-05-22 00:00:00,5.05034
2012-05-23 00:00:00,4.794814
2012-05-24 00:00:00,4.536895
2012-05-25 00:00:00,4.54972
2012-05-26 00:00:00,5.186129
2012-05-27 00:00:00,4.922881
2012-05-28 00:00:00,4.902737
2012-05-29 00:00:00,4.778563
2012-05-30 00:00:00,4.742475
2012-05-31 00:00:00,5.145699
2012-06-01 00:00:00,4.9765
2012-06-02 00:00:00,4.740645
2012-06-03 00:00:00,4.477497
2012-06-04 00:00:00,4.320029
2012-06-05 00:00:00,4.094076
2012-06-06 00:00:00,3.847454
2012-06-07 00:00:00,3.569689
2012-06-08 00:00:00,3.285639
2012-06-09 00:00:00,2.992195
2012-06-10 00:00:00,2.747119
2012-06-11 00:00:00,2.713483
2012-06-12 00:00:00,2.498979
2012-06-13 00:00:00,2.325718
2012-06-14 00:00:00,2.090917
2012-06-15 00:00:00,1.838714
2012-06-16 00:00:00,1.703553
2012-06-17 00:00:00,1.456693
2012-06-18 00:00:00,1.231745
2012-06-19 00:00:00,0.995966
2012-06-20 00:00:00,0.866119
2012-06-21 00:00:00,0.83393
2012-06-22 00:00:00,0.770585
2012-06-23 00:00:00,0.720079
2012-06-24 00:00:00,0.670774
2012-06-25 00:00:00,0.623766
2012-06-26 00:00:00,0.573152
2012-06-27 00:00:00,0.514529
2012-06-28 00:00:00,0.476963
2012-06-29 00:00:00,0.435367
2012-06-30 00:00:00,0.391933
2012-07-01 00:00:00,0.353833
2012-07-02 00:00:00,0.315908
2012-07-03 00:00:00,0.280993
2012-07-04 00:00:00,0.242068
2012-07-05 00:00:00,0.211002
2012-07-06 00:00:00,0.181114
2012-07-07 00:00:00,0.164842
2012-07-08 00:00:00,0.144112
2012-07-09 00:00:00,0.1267
2012-07-10 00:00:00,0.108516
2012-07-11 00:00:00,0.089703
2012-07-12 00:00:00,0.071507
2012-07-13 00:00:00,0.070398
2012-07-14 00:00:00,0.061161
2012-07-15 00:00:00,0.041205
2012-07-16 00:00:00,0.027767
2012-07-17 00:00:00,0.020474
2012-07-18 00:00:00,0.152912
2012-07-19 00:00:00,0.126447
2012-07-20 00:00:00,0.09058
2012-07-21 00:00:00,0.073912
2012-07-22 00:00:00,0.05516
2012-07-23 00:00:00,0.040267
2012-07-24 00:00:00,0.069233
2012-07-25 00:00:00,0.048026
2012-07-26 00:00:00,0.075866
2012-07-27 00:00:00,0.07676
2012-07-28 00:00:00,0.060721
2012-07-29 00:00:00,0.057719
2012-07-30 00:00:00,0.051938
2012-07-31 00:00:00,0.047948
2012-08-01 00:00:00,0.032572
2012-08-02 00:00:00,0.024484
2012-08-03 00:00:00,0.021167
2012-08-04 00:00:00,0.025691
2012-08-05 00:00:00,0.021002
2012-08-06 00:00:00,0.013195
2012-08-07 00:00:00,0.011113
2012-08-08 00:00:00,0.010955
2012-08-09 00:00:00,0.012546
2012-08-10 00:00:00,0.012074
2012-08-11 00:00:00,0.010946
2012-08-12 00:00:00,0.010953
2012-08-13 00:00:00,0.011083
2012-08-14 00:00:00,0.011429
2012-08-15 00:00:00,0.011947
2012-08-16 00:00:00,0.012787
2012-08-17 00:00:00,0.012395
2012-08-18 00:00:00,0.012605
2012-08-19 00:00:00,0.012941
2012-08-20 00:00:00,0.013422
2012-08-21 00:00:00,0.014098
2012-08-22 00:00:00,0.014974
2012-08-23 00:00:00,0.016018
2012-08-24 00:00:00,0.017174
2012-08-25 00:00:00,0.018419
2012-08-26 00:00:00,0.019487
2012-08-27 00:00:00,0.02052
2012-08-28 00:00:00,0.021587
2012-08-29 00:00:00,0.022649
2012-08-30 00:00:00,0.023745
2012-08-31 00:00:00,0.024847
2012-09-01 00:00:00,0.025936
2012-09-02 00:00:00,0.027017
2012-09-03 00:00:00,0.028089
2012-09-04 00:00:00,0.029113
2012-09-05 00:00:00,0.02974
2012-09-06 00:00:00,0.030279
2012-09-07 00:00:00,0.030835
2012-09-08 00:00:00,0.031392
2012-09-09 00:00:00,0.031895
2012-09-10 00:00:00,0.032412
2012-09-11 00:00:00,0.032968
2012-09-12 00:00:00,0.033569
2012-09-13 00:00:00,0.034164
2012-09-14 00:00:00,0.034753
2012-09-15 00:00:00,0.035375
2012-09-16 00:00:00,0.036027
2012-09-17 00:00:00,0.036683
2012-09-18 00:00:00,0.037319
2012-09-19 00:00:00,0.037949
2012-09-20 00:00:00,0.038575
2012-09-21 00:00:00,0.039138
2012-09-22 00:00:00,0.039585
2012-09-23 00:00:00,0.039987
2012-09-24 00:00:00,0.040388
2012-09-25 00:00:00,0.040807
2012-09-26 00:00:00,0.041233
2012-09-27 00:00:00,0.04166
2012-09-28 00:00:00,0.042089
2012-09-29 00:00:00,0.042531
2012-09-30 00:00:00,0.042977
2012-10-01 00:00:00,0.043423
2012-10-02 00:00:00,0.043871
2012-10-03 00:00:00,0.044321
2012-10-04 00:00:00,0.044766
2012-10-05 00:00:00,0.045188
2012-10-06 00:00:00,0.045573
2012-10-07 00:00:00,0.045928
2012-10-08 00:00:00,0.046264
2012-10-09 00:00:00,0.046571
2012-10-10 00:00:00,0.046807
2012-10-11 00:00:00,0.047015
2012-10-12 00:00:00,0.047202
2012-10-13 00:00:00,0.04718
2012-10-14 00:00:00,0.046841
2012-10-15 00:00:00,0.046247
2012-10-16 00:00:00,0.045633
2012-10-17 00:00:00,0.044995
2012-10-18 00:00:00,0.044282
2012-10-19 00:00:00,0.043534
2012-10-20 00:00:00,0.042775
2012-10-21 00:00:00,0.042023
2012-10-22 00:00:00,0.041255
2012-10-23 00:00:00,0.040463
2012-10-24 00:00:00,0.039684
2012-10-25 00:00:00,0.038906
2012-10-26 00:00:00,0.038128
2012-10-27 00:00:00,0.037353
2012-10-28 00:00:00,0.036589
2012-10-29 00:00:00,0.035839
2012-10-30 00:00:00,0.035104
2012-10-31 00:00:00,0.034386
2012-11-01 00:00:00,0.033692
2012-11-02 00:00:00,0.033015
2012-11-03 00:00:00,0.032359
2012-11-04 00:00:00,0.031731
2012-11-05 00:00:00,0.031126
2012-11-06 00:00:00,0.030544
2012-11-07 00:00:00,0.029995
2012-11-08 00:00:00,0.02947
2012-11-09 00:00:00,0.028961
2012-11-10 00:00:00,0.028486
2012-11-11 00:00:00,0.028022
2012-11-12 00:00:00,0.027569
2012-11-13 00:00:00,0.02713
2012-11-14 00:00:00,0.026704
2012-11-15 00:00:00,0.02629
2012-11-16 00:00:00,0.025891
2012-11-17 00:00:00,0.025507
2012-11-18 00:00:00,0.025138
2012-11-19 00:00:00,0.02478
2012-11-20 00:00:00,0.024452
2012-11-21 00:00:00,0.024148
2012-11-22 00:00:00,0.023875
2012-11-23 00:00:00,0.023592
2012-11-24 00:00:00,0.023317
2012-11-25 00:00:00,0.023061
2012-11-26 00:00:00,0.022819
2012-11-27 00:00:00,0.022597
2012-11-28 00:00:00,0.022397
2012-11-29 00:00:00,0.02222
2012-11-30 00:00:00,0.022065
2012-12-01 00:00:00,0.021927
2012-12-02 00:00:00,0.021783
2012-12-03 00:00:00,0.021658
2012-12-04 00:00:00,0.021548
2012-12-05 00:00:00,0.021435
2012-12-06 00:00:00,0.021337
2012-12-07 00:00:00,0.021251
2012-12-08 00:00:00,0.021182
2012-12-09 00:00:00,0.021083
2012-12-10 00:00:00,0.020924
2012-12-11 00:00:00,0.020769
2012-12-12 00:00:00,0.02062
2012-12-13 00:00:00,0.020477
2012-12-14 00:00:00,0.020341
2012-12-15 00:00:00,0.020201
2012-12-16 00:00:00,0.020058
2012-12-17 00:00:00,0.019916
2012-12-18 00:00:00,0.019778
2012-12-19 00:00:00,0.019651
2012-12-20 00:00:00,0.021274
2012-12-21 00:00:00,0.028067
2012-12-22 00:00:00,0.037639
2012-12-23 00:00:00,0.08196
2012-12-24 00:00:00,0.118094
2012-12-25 00:00:00,0.144062
2012-12-26 00:00:00,0.155795
2012-12-27 00:00:00,0.151789
2012-12-28 00:00:00,0.207144
2012-12-29 00:00:00,0.160079
2012-12-30 00:00:00,0.13646
2012-12-31 00:00:00,0.131227
2013-01-01 00:00:00,0.138986
2013-01-02 00:00:00,0.142106
2013-01-03 00:00:00,0.146955
2013-01-04 00:00:00,0.146878
2013-01-05 00:00:00,0.146198
2013-01-06 00:00:00,0.131883
2013-01-07 00:00:00,0.113974
2013-01-08 00:00:00,0.071382
2013-01-09 00:00:00,0.087303
2013-01-10 00:00:00,0.124309
2013-01-11 00:00:00,0.133383
2013-01-12 00:00:00,0.134893
2013-01-13 00:00:00,0.125643
2013-01-14 00:00:00,0.134036
2013-01-15 00:00:00,0.141665
2013-01-16 00:00:00,0.142827
2013-01-17 00:00:00,0.144901
2013-01-18 00:00:00,0.138423
2013-01-19 00:00:00,0.13753
2013-01-20 00:00:00,0.143502
2013-01-21 00:00:00,0.151473
2013-01-22 00:00:00,0.154005
2013-01-23 00:00:00,0.16216
2013-01-24 00:00:00,0.157818
2013-01-25 00:00:00,0.153087
2013-01-26 00:00:00,0.146556
2013-01-27 00:00:00,0.148246
2013-01-28 00:00:00,0.166102
2013-01-29 00:00:00,0.479548
2013-01-30 00:00:00,0.753445
2013-01-31 00:00:00,0.553548
2013-02-01 00:00:00,0.621495
2013-02-02 00:00:00,0.575827
2013-02-03 00:00:00,0.678044
2013-02-04 00:00:00,0.57143
2013-02-05 00:00:00,0.639731
2013-02-06 00:00:00,0.609144
2013-02-07 00:00:00,0.814546
2013-02-08 00:00:00,0.71111
2013-02-09 00:00:00,0.740253
2013-02-10 00:00:00,0.704368
2013-02-11 00:00:00,1.035948
2013-02-12 00:00:00,1.027865
2013-02-13 00:00:00,1.065513
2013-02-14 00:00:00,1.119774
2013-02-15 00:00:00,1.246002
2013-02-16 00:00:00,1.345095
2013-02-17 00:00:00,1.443868
2013-02-18 00:00:00,1.540803
2013-02-19 00:00:00,1.793659
2013-02-20 00:00:00,1.893039
2013-02-21 00:00:00,2.219892
2013-02-22 00:00:00,2.281312
2013-02-23 00:00:00,2.296604
2013-02-24 00:00:00,2.315664
2013-02-25 00:00:00,2.318307
2013-02-26 00:00:00,2.694133
2013-02-27 00:00:00,2.892723
2013-02-28 00:00:00,2.970542
2013-03-01 00:00:00,3.008793
2013-03-02 00:00:00,2.985688
2013-03-03 00:00:00,2.972082
2013-03-04 00:00:00,3.012234
2013-03-05 00:00:00,3.662174
2013-03-06 00:00:00,3.436988
2013-03-07 00:00:00,3.394174
2013-03-08 00:00:00,3.329043
2013-03-09 00:00:00,3.355542
2013-03-10 00:00:00,4.440126
2013-03-11 00:00:00,5.61025
2013-03-12 00:00:00,6.100466
2013-03-13 00:00:00,6.281757
2013-03-14 00:00:00,6.395546
2013-03-15 00:00:00,6.685205
2013-03-16 00:00:00,6.717631
2013-03-17 00:00:00,6.740014
2013-03-18 00:00:00,7.281372
2013-03-19 00:00:00,7.143776
2013-03-20 00:00:00,7.16445
2013-03-21 00:00:00,7.138107
2013-03-22 00:00:00,7.092967
2013-03-23 00:00:00,7.021899
2013-03-24 00:00:00,7.062279
2013-03-25 00:00:00,6.974747
2013-03-26 00:00:00,6.944792
2013-03-27 00:00:00,6.864964
2013-03-28 00:00:00,6.717367
2013-03-29 00:00:00,6.542377
2013-03-30 00:00:00,6.412642
2013-03-31 00:00:00,6.275785
2013-04-01 00:00:00,6.141428
2013-04-02 00:00:00,5.985626
2013-04-03 00:00:00,5.811413
2013-04-04 00:00:00,5.618827
2013-04-05 00:00:00,5.456425
2013-04-06 00:00:00,5.317492
2013-04-07 00:00:00,5.134523
2013-04-08 00:00:00,5.411199
2013-04-09 00:00:00,6.700865
2013-04-10 00:00:00,9.010776
2013-04-11 00:00:00,10.307511
2013-04-12 00:00:00,10.779942
2013-04-13 00:00:00,11.08865
2013-04-14 00:00:00,11.510261
2013-04-15 00:00:00,12.289285
2013-04-16 00:00:00,12.421551
2013-04-17 00:00:00,14.020216
2013-04-18 00:00:00,16.837581
2013-04-19 00:00:00,17.790422
2013-04-20 00:00:00,18.205951
2013-04-21 00:00:00,18.470873
2013-04-22 00:00:00,18.508064
2013-04-23 00:00:00,18.549983
2013-04-24 00:00:00,18.350572
2013-04-25 00:00:00,18.03685
2013-04-26 00:00:00,17.728487
2013-04-27 00:00:00,17.298601
2013-04-28 00:00:00,16.85052
2013-04-29 00:00:00,16.338884
2013-04-30 00:00:00,15.775998
2013-05-01 00:00:00,15.15487
2013-05-02 00:00:00,14.914702
2013-05-03 00:00:00,15.72928
2013-05-04 00:00:00,15.755309
2013-05-05 00:00:00,15.200892
2013-05-06 00:00:00,14.535016
2013-05-07 00:00:00,13.833968
2013-05-08 00:00:00,13.140478
2013-05-09 00:00:00,13.860932
2013-05-10 00:00:00,15.201352
2013-05-11 00:00:00,14.963757
2013-05-12 00:00:00,14.642108
2013-05-13 00:00:00,14.202533
2013-05-14 00:00:00,13.703949
2013-05-15 00:00:00,13.159787
2013-05-16 00:00:00,12.605127
2013-05-17 00:00:00,13.480151
2013-05-18 00:00:00,13.077364
2013-05-19 00:00:00,13.028621
2013-05-20 00:00:00,13.249816
2013-05-21 00:00:00,12.798991
2013-05-22 00:00:00,13.191879
2013-05-23 00:00:00,13.251796
2013-05-24 00:00:00,12.84904
2013-05-25 00:00:00,12.64184
2013-05-26 00:00:00,12.487856
2013-05-27 00:00:00,12.384349
2013-05-28 00:00:00,13.574544
2013-05-29 00:00:00,13.454604
2013-05-30 00:00:00,14.281179
2013-05-31 00:00:00,14.52659
2013-06-01 00:00:00,14.294711
2013-06-02 00:00:00,14.128704
2013-06-03 00:00:00,13.894746
2013-06-04 00:00:00,13.731687
2013-06-05 00:00:00,13.925225
2013-06-06 00:00:00,14.074337
2013-06-07 00:00:00,13.819043
2013-06-08 00:00:00,13.375334
2013-06-09 00:00:00,13.167183
2013-06-10 00:00:00,12.979213
2013-06-11 00:00:00,12.44794
2013-06-12 00:00:00,12.654893
2013-06-13 00:00:00,13.145257
2013-06-14 00:00:00,12.76727
2013-06-15 00:00:00,13.050624
2013-06-16 00:00:00,13.251305
2013-06-17 00:00:00,12.759541
2013-06-18 00:00:00,12.360199
2013-06-19 00:00:00,11.918515
2013-06-20 00:00:00,11.43375
2013-06-21 00:00:00,13.441981
2013-06-22 00:00:00,15.776998
2013-06-23 00:00:00,17.577156
2013-06-24 00:00:00,18.862078
2013-06-25 00:00:00,24.634744
2013-06-26 00:00:00,33.057525
2013-06-27 00:00:00,37.211364
2013-06-28 00:00:00,40.373395
2013-06-29 00:00:00,43.506076
2013-06-30 00:00:00,43.997965
2013-07-01 00:00:00,43.754112
2013-07-02 00:00:00,42.83183
2013-07-03 00:00:00,41.469786
2013-07-04 00:00:00,39.931121
2013-07-05 00:00:00,38.281134
2013-07-06 00:00:00,36.509459
2013-07-07 00:00:00,34.659673
2013-07-08 00:00:00,33.939245
2013-07-09 00:00:00,32.336327
2013-07-10 00:00:00,30.917154
2013-07-11 00:00:00,29.274688
2013-07-12 00:00:00,27.674974
2013-07-13 00:00:00,26.18274
2013-07-14 00:00:00,24.737379
2013-07-15 00:00:00,23.388899
2013-07-16 00:00:00,22.122176
2013-07-17 00:00:00,21.363591
2013-07-18 00:00:00,20.367382
2013-07-19 00:00:00,19.109236
2013-07-20 00:00:00,17.975782
2013-07-21 00:00:00,17.675567
2013-07-22 00:00:00,18.120051
2013-07-23 00:00:00,17.874692
2013-07-24 00:00:00,17.010405
2013-07-25 00:00:00,16.247835
2013-07-26 00:00:00,15.970622
2013-07-27 00:00:00,15.425768
2013-07-28 00:00:00,14.822528
2013-07-29 00:00:00,13.978128
2013-07-30 00:00:00,13.528717
2013-07-31 00:00:00,13.085918
2013-08-01 00:00:00,12.453699
2013-08-02 00:00:00,12.099317
2013-08-03 00:00:00,11.43007
2013-08-04 00:00:00,10.744389
2013-08-05 00:00:00,10.370524
2013-08-06 00:00:00,9.736039
2013-08-07 00:00:00,9.114984
2013-08-08 00:00:00,8.561583
2013-08-09 00:00:00,8.031906
2013-08-10 00:00:00,7.528721
2013-08-11 00:00:00,7.380639
2013-08-12 00:00:00,7.114313
2013-08-13 00:00:00,6.695429
2013-08-14 00:00:00,6.274388
2013-08-15 00:00:00,5.902798
2013-08-16 00:00:00,5.480346
2013-08-17 00:00:00,5.082689
2013-08-18 00:00:00,4.69247
2013-08-19 00:00:00,4.314832
2013-08-20 00:00:00,3.962063
2013-08-21 00:00:00,3.652119
2013-08-22 00:00:00,4.093692
2013-08-23 00:00:00,3.886952
2013-08-24 00:00:00,3.564226
2013-08-25 00:00:00,3.217053
2013-08-26 00:00:00,2.884217
2013-08-27 00:00:00,2.598977
2013-08-28 00:00:00,2.343995
2013-08-29 00:00:00,2.102569
2013-08-30 00:00:00,1.88174
2013-08-31 00:00:00,1.714972
2013-09-01 00:00:00,1.553873
2013-09-02 00:00:00,1.385818
2013-09-03 00:00:00,1.197368
2013-09-04 00:00:00,0.977489
2013-09-05 00:00:00,0.866112
2013-09-06 00:00:00,0.805108
2013-09-07 00:00:00,0.75275
2013-09-08 00:00:00,0.723316
2013-09-09 00:00:00,0.664908
2013-09-10 00:00:00,0.601657
2013-09-11 00:00:00,0.601539
2013-09-12 00:00:00,0.573216
2013-09-13 00:00:00,0.552887
2013-09-14 00:00:00,0.535028
2013-09-15 00:00:00,0.659354
2013-09-16 00:00:00,0.618632
2013-09-17 00:00:00,0.593835
2013-09-18 00:00:00,0.547975
2013-09-19 00:00:00,0.84724
2013-09-20 00:00:00,0.907601
2013-09-21 00:00:00,0.884926
2013-09-22 00:00:00,0.860969
2013-09-23 00:00:00,0.835948
2013-09-24 00:00:00,0.808229
2013-09-25 00:00:00,0.78257
2013-09-26 00:00:00,0.752185
2013-09-27 00:00:00,0.713602
2013-09-28 00:00:00,0.716754
2013-09-29 00:00:00,0.711237
2013-09-30 00:00:00,0.67996
2013-10-01 00:00:00,0.647467
2013-10-02 00:00:00,0.611681
2013-10-03 00:00:00,0.609886
2013-10-04 00:00:00,0.70441
2013-10-05 00:00:00,0.720411
2013-10-06 00:00:00,0.709413
2013-10-07 00:00:00,0.694187
2013-10-08 00:00:00,0.670707
2013-10-09 00:00:00,0.648403
2013-10-10 00:00:00,0.629883
2013-10-11 00:00:00,0.620042
2013-10-12 00:00:00,0.601172
2013-10-13 00:00:00,0.585611
2013-10-14 00:00:00,0.574651
2013-10-15 00:00:00,0.640434
2013-10-16 00:00:00,0.645737
2013-10-17 00:00:00,0.657789
2013-10-18 00:00:00,0.636739
2013-10-19 00:00:00,0.64203
2013-10-20 00:00:00,0.643086
2013-10-21 00:00:00,0.63308
2013-10-22 00:00:00,0.63829
2013-10-23 00:00:00,0.628241
2013-10-24 00:00:00,0.622366
2013-10-25 00:00:00,0.601619
2013-10-26 00:00:00,0.592318
2013-10-27 00:00:00,0.578625
2013-10-28 00:00:00,0.57726
2013-10-29 00:00:00,0.581029
2013-10-30 00:00:00,0.575563
2013-10-31 00:00:00,0.758246
2013-11-01 00:00:00,0.762919
2013-11-02 00:00:00,0.734784
2013-11-03 00:00:00,0.722801
2013-11-04 00:00:00,0.722754
2013-11-05 00:00:00,0.751325
2013-11-06 00:00:00,0.895552
2013-11-07 00:00:00,0.886848
2013-11-08 00:00:00,0.871484
2013-11-09 00:00:00,0.859187
2013-11-10 00:00:00,0.853248
2013-11-11 00:00:00,0.89952
2013-11-12 00:00:00,0.890195
2013-11-13 00:00:00,0.874697
2013-11-14 00:00:00,0.866596
2013-11-15 00:00:00,0.860488
2013-11-16 00:00:00,0.902914
2013-11-17 00:00:00,1.283443
2013-11-18 00:00:00,1.484875
2013-11-19 00:00:00,1.543776
2013-11-20 00:00:00,1.628398
2013-11-21 00:00:00,1.701429
2013-11-22 00:00:00,1.775242
2013-11-23 00:00:00,1.819495
2013-11-24 00:00:00,1.884422
2013-11-25 00:00:00,2.008331
2013-11-26 00:00:00,1.97062
2013-11-27 00:00:00,1.976018
2013-11-28 00:00:00,1.97577
2013-11-29 00:00:00,1.969458
2013-11-30 00:00:00,1.900676
2013-12-01 00:00:00,1.978159
2013-12-02 00:00:00,2.013073
2013-12-03 00:00:00,2.152162
2013-12-04 00:00:00,2.188561
2013-12-05 00:00:00,2.181844
2013-12-06 00:00:00,2.186853
2013-12-07 00:00:00,2.193621
2013-12-08 00:00:00,2.574067
2013-12-09 00:00:00,2.413075
2013-12-10 00:00:00,2.438949
2013-12-11 00:00:00,2.409666
2013-12-12 00:00:00,2.399056
2013-12-13 00:00:00,2.383938
2013-12-14 00:00:00,2.409772
2013-12-15 00:00:00,2.381122
2013-12-16 00:00:00,2.6041
2013-12-17 00:00:00,2.472788
2013-12-18 00:00:00,2.442305
2013-12-19 00:00:00,2.474045
2013-12-20 00:00:00,2.461578
2013-12-21 00:00:00,2.733097
2013-12-22 00:00:00,2.986101
2013-12-23 00:00:00,2.772443
2013-12-24 00:00:00,2.76354
2013-12-25 00:00:00,2.756976
2013-12-26 00:00:00,2.702092
2013-12-27 00:00:00,2.648834
2013-12-28 00:00:00,2.585531
2013-12-29 00:00:00,2.568703
2013-12-30 00:00:00,2.570094
2013-12-31 00:00:00,2.6297
2014-01-01 00:00:00,2.581154
2014-01-02 00:00:00,2.540555
2014-01-03 00:00:00,2.50909
2014-01-04 00:00:00,2.469518
2014-01-05 00:00:00,2.436666
2014-01-06 00:00:00,2.41102
2014-01-07 00:00:00,2.381574
2014-01-08 00:00:00,2.350325
2014-01-09 00:00:00,2.322844
2014-01-10 00:00:00,2.356989
2014-01-11 00:00:00,2.350177
2014-01-12 00:00:00,2.280112
2014-01-13 00:00:00,2.295126
2014-01-14 00:00:00,2.470876
2014-01-15 00:00:00,2.353623
2014-01-16 00:00:00,2.352802
2014-01-17 00:00:00,2.323107
2014-01-18 00:00:00,2.394359
2014-01-19 00:00:00,2.31799
2014-01-20 00:00:00,2.306501
2014-01-21 00:00:00,2.28034
2014-01-22 00:00:00,2.274507
2014-01-23 00:00:00,2.241343
2014-01-24 00:00:00,2.234267
2014-01-25 00:00:00,2.30821
2014-01-26 00:00:00,2.278383
2014-01-27 00:00:00,2.240313
2014-01-28 00:00:00,2.212188
2014-01-29 00:00:00,2.17689
2014-01-30 00:00:00,2.219189
2014-01-31 00:00:00,2.24055
2014-02-01 00:00:00,2.257777
2014-02-02 00:00:00,2.201167
2014-02-03 00:00:00,2.164995
2014-02-04 00:00:00,2.170031
2014-02-05 00:00:00,2.150816
2014-02-06 00:00:00,2.117989
2014-02-07 00:00:00,2.084656
2014-02-08 00:00:00,2.125808
2014-02-09 00:00:00,2.070665
2014-02-10 00:00:00,2.043133
2014-02-11 00:00:00,2.017446
2014-02-12 00:00:00,2.050245
2014-02-13 00:00:00,2.054075
2014-02-14 00:00:00,1.999628
2014-02-15 00:00:00,1.986753
2014-02-16 00:00:00,1.948325
2014-02-17 00:00:00,2.27099
2014-02-18 00:00:00,2.026485
2014-02-19 00:00:00,2.010832
2014-02-20 00:00:00,2.163291
2014-02-21 00:00:00,2.395742
2014-02-22 00:00:00,2.423623
2014-02-23 00:00:00,2.43826
2014-02-24 00:00:00,2.446607
2014-02-25 00:00:00,2.446135
2014-02-26 00:00:00,2.455562
2014-02-27 00:00:00,2.462445
2014-02-28 00:00:00,2.561219
2014-03-01 00:00:00,2.623078
2014-03-02 00:00:00,2.574255
2014-03-03 00:00:00,2.664296
2014-03-04 00:00:00,2.900524
2014-03-05 00:00:00,2.882235
2014-03-06 00:00:00,2.79914
2014-03-07 00:00:00,2.740197
2014-03-08 00:00:00,2.69457
2014-03-09 00:00:00,2.65488
2014-03-10 00:00:00,2.489131
2014-03-11 00:00:00,2.523327
2014-03-12 00:00:00,2.733026
2014-03-13 00:00:00,2.66862
2014-03-14 00:00:00,2.51905
2014-03-15 00:00:00,3.054987
2014-03-16 00:00:00,3.235023
2014-03-17 00:00:00,3.378755
2014-03-18 00:00:00,3.247802
2014-03-19 00:00:00,3.78384
2014-03-20 00:00:00,3.882073
2014-03-21 00:00:00,4.424934
2014-03-22 00:00:00,4.780072
2014-03-23 00:00:00,5.010534
2014-03-24 00:00:00,5.219712
2014-03-25 00:00:00,5.367758
2014-03-26 00:00:00,5.460975
2014-03-27 00:00:00,5.785779
2014-03-28 00:00:00,6.170116
2014-03-29 00:00:00,6.272353
2014-03-30 00:00:00,6.288745
2014-03-31 00:00:00,6.271654
2014-04-01 00:00:00,6.352753
2014-04-02 00:00:00,6.370666
2014-04-03 00:00:00,6.462892
2014-04-04 00:00:00,6.613158
2014-04-05 00:00:00,6.524224
2014-04-06 00:00:00,6.43697
2014-04-07 00:00:00,6.344038
2014-04-08 00:00:00,6.232096
2014-04-09 00:00:00,6.075393
2014-04-10 00:00:00,5.901489
2014-04-11 00:00:00,5.722402
2014-04-12 00:00:00,5.665439
2014-04-13 00:00:00,7.474482
2014-04-14 00:00:00,10.019801
2014-04-15 00:00:00,10.710563
2014-04-16 00:00:00,11.124037
2014-04-17 00:00:00,11.310116
2014-04-18 00:00:00,11.423545
2014-04-19 00:00:00,11.431932
2014-04-20 00:00:00,11.61732
2014-04-21 00:00:00,11.762621
2014-04-22 00:00:00,11.703734
2014-04-23 00:00:00,11.767995
2014-04-24 00:00:00,12.440262
2014-04-25 00:00:00,12.693877
2014-04-26 00:00:00,12.550825
2014-04-27 00:00:00,12.869225
2014-04-28 00:00:00,14.078397
2014-04-29 00:00:00,15.15574
2014-04-30 00:00:00,15.491452
2014-05-01 00:00:00,15.636881
2014-05-02 00:00:00,15.630662
2014-05-03 00:00:00,15.39474
2014-05-04 00:00:00,15.121892
2014-05-05 00:00:00,14.860204
2014-05-06 00:00:00,14.472892
2014-05-07 00:00:00,14.052016
2014-05-08 00:00:00,13.66834
2014-05-09 00:00:00,13.20336
2014-05-10 00:00:00,12.696208
2014-05-11 00:00:00,12.333868
2014-05-12 00:00:00,13.417544
2014-05-13 00:00:00,14.1885
2014-05-14 00:00:00,13.956548
2014-05-15 00:00:00,13.926131
2014-05-16 00:00:00,13.755066
2014-05-17 00:00:00,13.385363
2014-05-18 00:00:00,12.916121
2014-05-19 00:00:00,12.716823
2014-05-20 00:00:00,12.335545
2014-05-21 00:00:00,11.816648
2014-05-22 00:00:00,11.364787
2014-05-23 00:00:00,10.923097
2014-05-24 00:00:00,10.436166
2014-05-25 00:00:00,9.95292
2014-05-26 00:00:00,9.832352
2014-05-27 00:00:00,9.660317
2014-05-28 00:00:00,10.456437
2014-05-29 00:00:00,10.188122
2014-05-30 00:00:00,9.826859
2014-05-31 00:00:00,9.456975
2014-06-01 00:00:00,9.807553
2014-06-02 00:00:00,12.97383
2014-06-03 00:00:00,13.281943
2014-06-04 00:00:00,13.704213
2014-06-05 00:00:00,13.565573
2014-06-06 00:00:00,13.367956
2014-06-07 00:00:00,13.214445
2014-06-08 00:00:00,13.009135
2014-06-09 00:00:00,12.637462
2014-06-10 00:00:00,12.409074
2014-06-11 00:00:00,12.335223
2014-06-12 00:00:00,11.936596
2014-06-13 00:00:00,11.43844
2014-06-14 00:00:00,10.939367
2014-06-15 00:00:00,10.544994
2014-06-16 00:00:00,10.537083
2014-06-17 00:00:00,11.637731
2014-06-18 00:00:00,11.80414
2014-06-19 00:00:00,13.863589
2014-06-20 00:00:00,16.832742
2014-06-21 00:00:00,17.522119
2014-06-22 00:00:00,17.579557
2014-06-23 00:00:00,17.71046
2014-06-24 00:00:00,17.520688
2014-06-25 00:00:00,17.352812
2014-06-26 00:00:00,17.018789
2014-06-27 00:00:00,16.668026
2014-06-28 00:00:00,16.551569
2014-06-29 00:00:00,17.289117
2014-06-30 00:00:00,19.8317
2014-07-01 00:00:00,21.98101
2014-07-02 00:00:00,22.788315
2014-07-03 00:00:00,22.797645
2014-07-04 00:00:00,22.510527
2014-07-05 00:00:00,22.017807
2014-07-06 00:00:00,21.515328
2014-07-07 00:00:00,21.121154
2014-07-08 00:00:00,21.121984
2014-07-09 00:00:00,20.312559
2014-07-10 00:00:00,19.384502
2014-07-11 00:00:00,18.51576
2014-07-12 00:00:00,17.813084
2014-07-13 00:00:00,17.196353
2014-07-14 00:00:00,16.497624
2014-07-15 00:00:00,16.012576
2014-07-16 00:00:00,15.245353
2014-07-17 00:00:00,14.339518
2014-07-18 00:00:00,13.515317
2014-07-19 00:00:00,12.672372
2014-07-20 00:00:00,11.848445
2014-07-21 00:00:00,10.996216
2014-07-22 00:00:00,10.204693
2014-07-23 00:00:00,9.600898
2014-07-24 00:00:00,9.003996
2014-07-25 00:00:00,8.496079
2014-07-26 00:00:00,7.965142
2014-07-27 00:00:00,7.649366
2014-07-28 00:00:00,7.285591
2014-07-29 00:00:00,6.842093
2014-07-30 00:00:00,6.381406
2014-07-31 00:00:00,5.879946
2014-08-01 00:00:00,5.433632
2014-08-02 00:00:00,5.056451
2014-08-03 00:00:00,4.661285
2014-08-04 00:00:00,4.8737
2014-08-05 00:00:00,4.775621
2014-08-06 00:00:00,4.434918
2014-08-07 00:00:00,4.085349
2014-08-08 00:00:00,3.751942
2014-08-09 00:00:00,3.427701
2014-08-10 00:00:00,3.141812
2014-08-11 00:00:00,2.937517
2014-08-12 00:00:00,2.80659
2014-08-13 00:00:00,2.588523
2014-08-14 00:00:00,2.353945
2014-08-15 00:00:00,2.102632
2014-08-16 00:00:00,1.873219
2014-08-17 00:00:00,1.674002
2014-08-18 00:00:00,1.600415
2014-08-19 00:00:00,1.715645
2014-08-20 00:00:00,1.513258
2014-08-21 00:00:00,1.952034
2014-08-22 00:00:00,1.764004
2014-08-23 00:00:00,1.724953
2014-08-24 00:00:00,1.506723
2014-08-25 00:00:00,2.402642
2014-08-26 00:00:00,2.316813
2014-08-27 00:00:00,2.101019
2014-08-28 00:00:00,1.987536
2014-08-29 00:00:00,1.764088
2014-08-30 00:00:00,1.808745
2014-08-31 00:00:00,1.631504
2014-09-01 00:00:00,1.554721
2014-09-02 00:00:00,1.431817
2014-09-03 00:00:00,1.1855
2014-09-04 00:00:00,2.029568
2014-09-05 00:00:00,2.192344
2014-09-06 00:00:00,2.079868
2014-09-07 00:00:00,1.936094
2014-09-08 00:00:00,1.805362
2014-09-09 00:00:00,1.671734
2014-09-10 00:00:00,2.066535
2014-09-11 00:00:00,2.001137
2014-09-12 00:00:00,2.209769
2014-09-13 00:00:00,2.103975
2014-09-14 00:00:00,2.01453
2014-09-15 00:00:00,2.117327
2014-09-16 00:00:00,2.03181
2014-09-17 00:00:00,1.926719
2014-09-18 00:00:00,1.821104
2014-09-19 00:00:00,1.696813
2014-09-20 00:00:00,1.660713
2014-09-21 00:00:00,1.649655
2014-09-22 00:00:00,1.522901
2014-09-23 00:00:00,1.39204
2014-09-24 00:00:00,1.284899
2014-09-25 00:00:00,1.170055
2014-09-26 00:00:00,1.028263
2014-09-27 00:00:00,0.902176
2014-09-28 00:00:00,0.854881
2014-09-29 00:00:00,0.822157
2014-09-30 00:00:00,0.806632
2014-10-01 00:00:00,0.783515
2014-10-02 00:00:00,0.816077
2014-10-03 00:00:00,0.959649
2014-10-04 00:00:00,0.967601
2014-10-05 00:00:00,0.915412
2014-10-06 00:00:00,0.8781
2014-10-07 00:00:00,0.861738
2014-10-08 00:00:00,0.830678
2014-10-09 00:00:00,0.803994
2014-10-10 00:00:00,0.784239
2014-10-11 00:00:00,0.764111
2014-10-12 00:00:00,0.750927
2014-10-13 00:00:00,0.972162
2014-10-14 00:00:00,1.635168
2014-10-15 00:00:00,1.805798
2014-10-16 00:00:00,1.741623
2014-10-17 00:00:00,1.754163
2014-10-18 00:00:00,1.719946
2014-10-19 00:00:00,1.685583
2014-10-20 00:00:00,1.632864
2014-10-21 00:00:00,1.60048
2014-10-22 00:00:00,1.554487
2014-10-23 00:00:00,1.626693
2014-10-24 00:00:00,1.554324
2014-10-25 00:00:00,1.465413
2014-10-26 00:00:00,1.395905
2014-10-27 00:00:00,1.335516
2014-10-28 00:00:00,1.289909
2014-10-29 00:00:00,1.277498
2014-10-30 00:00:00,1.256703
2014-10-31 00:00:00,1.238213
2014-11-01 00:00:00,1.211698
2014-11-02 00:00:00,1.17024
2014-11-03 00:00:00,1.141312
2014-11-04 00:00:00,1.168411
2014-11-05 00:00:00,1.147974
2014-11-06 00:00:00,1.162298
2014-11-07 00:00:00,1.135134
2014-11-08 00:00:00,1.0974
2014-11-09 00:00:00,1.058216
2014-11-10 00:00:00,1.019692
2014-11-11 00:00:00,1.080429
2014-11-12 00:00:00,1.054826
2014-11-13 00:00:00,1.048207
2014-11-14 00:00:00,1.017275
2014-11-15 00:00:00,1.119263
2014-11-16 00:00:00,1.064794
2014-11-17 00:00:00,1.045575
2014-11-18 00:00:00,1.028356
2014-11-19 00:00:00,1.012342
2014-11-20 00:00:00,0.984529
2014-11-21 00:00:00,0.972311
2014-11-22 00:00:00,0.921025
2014-11-23 00:00:00,1.292077
2014-11-24 00:00:00,1.782364
2014-11-25 00:00:00,1.761784
2014-11-26 00:00:00,1.786349
2014-11-27 00:00:00,1.798863
2014-11-28 00:00:00,1.808532
2014-11-29 00:00:00,1.715592
2014-11-30 00:00:00,1.83007
2014-12-01 00:00:00,1.850986
2014-12-02 00:00:00,1.853115
2014-12-03 00:00:00,1.844968
2014-12-04 00:00:00,1.835249
2014-12-05 00:00:00,1.818864
2014-12-06 00:00:00,1.811528
2014-12-07 00:00:00,1.847663
2014-12-08 00:00:00,1.89094
2014-12-09 00:00:00,1.938035
2014-12-10 00:00:00,1.937037
2014-12-11 00:00:00,1.923915
2014-12-12 00:00:00,1.913777
2014-12-13 00:00:00,1.902184
2014-12-14 00:00:00,1.890034
2014-12-15 00:00:00,2.029554
2014-12-16 00:00:00,2.179508
2014-12-17 00:00:00,2.164194
2014-12-18 00:00:00,2.17824
2014-12-19 00:00:00,2.169452
2014-12-20 00:00:00,2.194068
2014-12-21 00:00:00,2.182111
2014-12-22 00:00:00,2.311218
2014-12-23 00:00:00,2.622362
2014-12-24 00:00:00,2.673552
2014-12-25 00:00:00,2.667064
2014-12-26 00:00:00,2.666128
2014-12-27 00:00:00,2.710394
2014-12-28 00:00:00,2.694986
2014-12-29 00:00:00,2.700083
2014-12-30 00:00:00,2.694686
2014-12-31 00:00:00,2.682475
2015-01-01 00:00:00,2.668879
2015-01-02 00:00:00,2.701531
2015-01-03 00:00:00,2.759903
2015-01-04 00:00:00,2.807715
2015-01-05 00:00:00,2.905511
2015-01-06 00:00:00,2.839693
2015-01-07 00:00:00,2.814498
2015-01-08 00:00:00,2.95923
2015-01-09 00:00:00,2.865325
2015-01-10 00:00:00,2.83185
2015-01-11 00:00:00,2.792273
2015-01-12 00:00:00,2.761235
2015-01-13 00:00:00,2.730583
2015-01-14 00:00:00,2.703196
2015-01-15 00:00:00,2.667469
2015-01-16 00:00:00,2.634135
2015-01-17 00:00:00,2.5541
2015-01-18 00:00:00,2.572336
2015-01-19 00:00:00,2.567667
2015-01-20 00:00:00,2.651576
2015-01-21 00:00:00,2.697401
2015-01-22 00:00:00,2.645477
2015-01-23 00:00:00,2.59681
2015-01-24 00:00:00,2.524203
2015-01-25 00:00:00,2.596439
2015-01-26 00:00:00,2.723847
2015-01-27 00:00:00,2.647663
2015-01-28 00:00:00,2.622065
2015-01-29 00:00:00,2.581113
2015-01-30 00:00:00,2.586044
2015-01-31 00:00:00,2.971454
2015-02-01 00:00:00,3.409819
2015-02-02 00:00:00,3.100401
2015-02-03 00:00:00,3.181324
2015-02-04 00:00:00,3.089538
2015-02-05 00:00:00,3.033056
2015-02-06 00:00:00,2.984984
2015-02-07 00:00:00,2.927265
2015-02-08 00:00:00,2.881604
2015-02-09 00:00:00,2.834327
2015-02-10 00:00:00,2.815667
2015-02-11 00:00:00,2.768816
2015-02-12 00:00:00,2.729651
2015-02-13 00:00:00,2.702577
2015-02-14 00:00:00,2.668011
2015-02-15 00:00:00,2.643576
2015-02-16 00:00:00,2.614107
2015-02-17 00:00:00,2.579078
2015-02-18 00:00:00,2.551422
2015-02-19 00:00:00,2.523725
2015-02-20 00:00:00,2.510899
2015-02-21 00:00:00,2.468073
2015-02-22 00:00:00,2.440517
2015-02-23 00:00:00,2.414083
2015-02-24 00:00:00,2.381179
2015-02-25 00:00:00,2.449216
2015-02-26 00:00:00,2.390625
2015-02-27 00:00:00,2.353513
2015-02-28 00:00:00,2.324603
2015-03-01 00:00:00,2.293953
2015-03-02 00:00:00,2.268408
2015-03-03 00:00:00,2.328345
2015-03-04 00:00:00,2.260068
2015-03-05 00:00:00,2.223712
2015-03-06 00:00:00,2.18704
2015-03-07 00:00:00,2.09337
2015-03-08 00:00:00,2.055321
2015-03-09 00:00:00,1.908119
2015-03-10 00:00:00,1.949807
2015-03-11 00:00:00,2.323017
2015-03-12 00:00:00,2.417486
2015-03-13 00:00:00,2.437364
2015-03-14 00:00:00,2.437607
2015-03-15 00:00:00,2.414723
2015-03-16 00:00:00,2.36585
2015-03-17 00:00:00,2.320365
2015-03-18 00:00:00,2.285988
2015-03-19 00:00:00,2.26471
2015-03-20 00:00:00,2.210095
2015-03-21 00:00:00,2.154054
2015-03-22 00:00:00,2.569209
2015-03-23 00:00:00,2.631732
2015-03-24 00:00:00,2.502753
2015-03-25 00:00:00,2.733019
2015-03-26 00:00:00,2.821044
2015-03-27 00:00:00,2.817996
2015-03-28 00:00:00,2.774647
2015-03-29 00:00:00,2.819898
2015-03-30 00:00:00,2.741983
2015-03-31 00:00:00,2.65058
2015-04-01 00:00:00,2.533449
2015-04-02 00:00:00,2.485133
2015-04-03 00:00:00,2.435194
2015-04-04 00:00:00,2.336457
2015-04-05 00:00:00,2.258063
2015-04-06 00:00:00,2.21224
2015-04-07 00:00:00,2.487209
2015-04-08 00:00:00,2.874452
2015-04-09 00:00:00,3.687195
2015-04-10 00:00:00,4.551828
2015-04-11 00:00:00,4.838662
2015-04-12 00:00:00,5.040064
2015-04-13 00:00:00,5.29891
2015-04-14 00:00:00,5.336321
2015-04-15 00:00:00,5.386752
2015-04-16 00:00:00,5.434391
2015-04-17 00:00:00,5.482096
2015-04-18 00:00:00,5.45989
2015-04-19 00:00:00,5.660959
2015-04-20 00:00:00,6.242161
2015-04-21 00:00:00,6.456484
2015-04-22 00:00:00,6.530715
2015-04-23 00:00:00,6.47587
2015-04-24 00:00:00,6.749564
2015-04-25 00:00:00,6.99212
2015-04-26 00:00:00,6.907965
2015-04-27 00:00:00,6.818398
2015-04-28 00:00:00,6.662776
2015-04-29 00:00:00,6.50595
2015-04-30 00:00:00,6.398348
2015-05-01 00:00:00,6.190014
2015-05-02 00:00:00,5.937305
2015-05-03 00:00:00,5.847558
2015-05-04 00:00:00,5.957625
2015-05-05 00:00:00,6.437221
2015-05-06 00:00:00,6.479008
2015-05-07 00:00:00,6.23369
2015-05-08 00:00:00,6.013626
2015-05-09 00:00:00,5.806826
2015-05-10 00:00:00,5.754719
2015-05-11 00:00:00,5.860058
2015-05-12 00:00:00,5.796201
2015-05-13 00:00:00,5.615076
2015-05-14 00:00:00,5.602829
2015-05-15 00:00:00,5.488603
2015-05-16 00:00:00,5.326721
2015-05-17 00:00:00,5.521705
2015-05-18 00:00:00,5.39867
2015-05-19 00:00:00,5.265696
2015-05-20 00:00:00,5.164464
2015-05-21 00:00:00,4.915972
2015-05-22 00:00:00,4.656093
2015-05-23 00:00:00,4.427088
2015-05-24 00:00:00,4.968405
2015-05-25 00:00:00,5.239901
2015-05-26 00:00:00,5.687405
2015-05-27 00:00:00,5.678671
2015-05-28 00:00:00,5.394388
2015-05-29 00:00:00,5.57911
2015-05-30 00:00:00,6.173946
2015-05-31 00:00:00,6.163054
2015-06-01 00:00:00,6.070146
2015-06-02 00:00:00,5.927679
2015-06-03 00:00:00,5.788421
2015-06-04 00:00:00,5.573121
2015-06-05 00:00:00,5.38611
2015-06-06 00:00:00,5.205831
2015-06-07 00:00:00,5.09093
2015-06-08 00:00:00,4.898526
2015-06-09 00:00:00,4.726468
2015-06-10 00:00:00,4.457729
2015-06-11 00:00:00,5.228635
2015-06-12 00:00:00,6.606182
2015-06-13 00:00:00,6.763193
2015-06-14 00:00:00,6.771668
2015-06-15 00:00:00,7.222466
2015-06-16 00:00:00,7.094292
2015-06-17 00:00:00,6.950727
2015-06-18 00:00:00,6.72585
2015-06-19 00:00:00,6.500849
2015-06-20 00:00:00,6.451218
2015-06-21 00:00:00,6.188163
2015-06-22 00:00:00,6.437022
2015-06-23 00:00:00,6.269854
2015-06-24 00:00:00,6.059018
2015-06-25 00:00:00,6.032346
2015-06-26 00:00:00,5.951293
2015-06-27 00:00:00,5.729902
2015-06-28 00:00:00,5.916293
2015-06-29 00:00:00,6.088393
2015-06-30 00:00:00,5.99801
2015-07-01 00:00:00,5.75723
2015-07-02 00:00:00,5.480607
2015-07-03 00:00:00,5.170909
2015-07-04 00:00:00,4.862541
2015-07-05 00:00:00,4.595745
2015-07-06 00:00:00,5.174678
2015-07-07 00:00:00,5.465934
2015-07-08 00:00:00,5.258655
2015-07-09 00:00:00,5.007801
2015-07-10 00:00:00,4.723438
2015-07-11 00:00:00,4.492252
2015-07-12 00:00:00,4.407941
2015-07-13 00:00:00,4.974774
2015-07-14 00:00:00,4.782959
2015-07-15 00:00:00,4.543931
2015-07-16 00:00:00,4.705828
2015-07-17 00:00:00,4.779059
2015-07-18 00:00:00,4.779474
2015-07-19 00:00:00,4.557607
2015-07-20 00:00:00,4.342986
2015-07-21 00:00:00,4.096723
2015-07-22 00:00:00,3.877383
2015-07-23 00:00:00,3.652641
2015-07-24 00:00:00,3.462337
2015-07-25 00:00:00,3.197461
2015-07-26 00:00:00,3.018135
2015-07-27 00:00:00,2.790631
2015-07-28 00:00:00,2.721087
2015-07-29 00:00:00,3.354541
2015-07-30 00:00:00,3.128227
2015-07-31 00:00:00,2.862752
2015-08-01 00:00:00,2.596948
2015-08-02 00:00:00,2.33658
2015-08-03 00:00:00,2.186387
2015-08-04 00:00:00,1.987294
2015-08-05 00:00:00,1.82799
2015-08-06 00:00:00,1.670188
2015-08-07 00:00:00,1.689366
2015-08-08 00:00:00,1.63766
2015-08-09 00:00:00,1.521939
2015-08-10 00:00:00,1.376487
2015-08-11 00:00:00,1.191878
2015-08-12 00:00:00,1.008233
2015-08-13 00:00:00,0.885215
2015-08-14 00:00:00,0.817538
2015-08-15 00:00:00,0.79593
2015-08-16 00:00:00,0.747643
2015-08-17 00:00:00,0.840031
2015-08-18 00:00:00,1.13248
2015-08-19 00:00:00,1.676197
2015-08-20 00:00:00,1.651512
2015-08-21 00:00:00,1.530706
2015-08-22 00:00:00,1.414297
2015-08-23 00:00:00,1.363541
2015-08-24 00:00:00,1.293331
2015-08-25 00:00:00,1.243486
2015-08-26 00:00:00,1.128488
2015-08-27 00:00:00,0.997193
2015-08-28 00:00:00,1.571353
2015-08-29 00:00:00,2.416
2015-08-30 00:00:00,2.435041
2015-08-31 00:00:00,2.359092
2015-09-01 00:00:00,2.254738
2015-09-02 00:00:00,2.153988
2015-09-03 00:00:00,2.046526
2015-09-04 00:00:00,1.934204
2015-09-05 00:00:00,1.857018
2015-09-06 00:00:00,1.784
2015-09-07 00:00:00,2.078206
2015-09-08 00:00:00,2.268951
2015-09-09 00:00:00,2.246618
2015-09-10 00:00:00,2.570995
2015-09-11 00:00:00,2.477918
2015-09-12 00:00:00,2.404145
2015-09-13 00:00:00,2.312013
2015-09-14 00:00:00,2.200309
2015-09-15 00:00:00,2.067097
2015-09-16 00:00:00,1.954808
2015-09-17 00:00:00,2.83173
2015-09-18 00:00:00,4.22273
2015-09-19 00:00:00,4.770325
2015-09-20 00:00:00,4.838345
2015-09-21 00:00:00,4.804009
2015-09-22 00:00:00,4.738985
2015-09-23 00:00:00,4.641801
2015-09-24 00:00:00,4.552348
2015-09-25 00:00:00,4.44966
2015-09-26 00:00:00,4.327223
2015-09-27 00:00:00,4.242912
2015-09-28 00:00:00,4.150804
2015-09-29 00:00:00,5.559357
2015-09-30 00:00:00,5.756564
2015-10-01 00:00:00,5.825464
2015-10-02 00:00:00,5.850679
2015-10-03 00:00:00,5.879219
2015-10-04 00:00:00,5.956536
2015-10-05 00:00:00,5.96476
2015-10-06 00:00:00,5.84509
2015-10-07 00:00:00,5.710169
2015-10-08 00:00:00,5.624008
2015-10-09 00:00:00,5.511899
2015-10-10 00:00:00,5.371545
2015-10-11 00:00:00,5.199241
2015-10-12 00:00:00,5.015539
2015-10-13 00:00:00,4.887086
2015-10-14 00:00:00,4.737158
2015-10-15 00:00:00,4.561111
2015-10-16 00:00:00,4.437928
2015-10-17 00:00:00,4.325729
2015-10-18 00:00:00,4.183302
2015-10-19 00:00:00,4.000477
2015-10-20 00:00:00,3.814564
2015-10-21 00:00:00,3.666316
2015-10-22 00:00:00,3.526247
2015-10-23 00:00:00,3.566335
2015-10-24 00:00:00,3.871898
2015-10-25 00:00:00,3.801746
2015-10-26 00:00:00,3.691025
2015-10-27 00:00:00,4.058449
2015-10-28 00:00:00,5.028309
2015-10-29 00:00:00,5.18271
2015-10-30 00:00:00,5.200005
2015-10-31 00:00:00,5.713285
2015-11-01 00:00:00,5.722638
2015-11-02 00:00:00,5.664494
2015-11-03 00:00:00,5.581889
2015-11-04 00:00:00,5.493998
2015-11-05 00:00:00,5.482669
2015-11-06 00:00:00,5.813191
2015-11-07 00:00:00,5.808464
2015-11-08 00:00:00,5.768143
2015-11-09 00:00:00,5.710022
2015-11-10 00:00:00,5.6468
2015-11-11 00:00:00,5.841947
2015-11-12 00:00:00,6.380319
2015-11-13 00:00:00,6.393023
2015-11-14 00:00:00,6.361249
2015-11-15 00:00:00,6.296405
2015-11-16 00:00:00,6.263421
2015-11-17 00:00:00,7.00367
2015-11-18 00:00:00,8.168839
2015-11-19 00:00:00,8.390842
2015-11-20 00:00:00,10.40816
2015-11-21 00:00:00,10.468322
2015-11-22 00:00:00,10.394991
2015-11-23 00:00:00,10.278338
2015-11-24 00:00:00,10.221981
2015-11-25 00:00:00,9.852135
2015-11-26 00:00:00,11.418577
2015-11-27 00:00:00,13.823858
2015-11-28 00:00:00,14.750084
2015-11-29 00:00:00,15.256056
2015-11-30 00:00:00,16.443964
2015-12-01 00:00:00,17.178986
2015-12-02 00:00:00,17.572094
2015-12-03 00:00:00,17.696518
2015-12-04 00:00:00,17.71134
2015-12-05 00:00:00,17.628182
2015-12-06 00:00:00,17.477137
2015-12-07 00:00:00,17.255566
2015-12-08 00:00:00,16.979402
2015-12-09 00:00:00,16.641418
2015-12-10 00:00:00,16.243191
2015-12-11 00:00:00,15.848144
2015-12-12 00:00:00,15.432379
2015-12-13 00:00:00,16.622544
2015-12-14 00:00:00,18.932738
2015-12-15 00:00:00,19.184608
2015-12-16 00:00:00,19.242965
2015-12-17 00:00:00,19.16315
2015-12-18 00:00:00,18.974057
2015-12-19 00:00:00,18.690819
2015-12-20 00:00:00,18.390817
2015-12-21 00:00:00,18.376275
2015-12-22 00:00:00,18.083138
2015-12-23 00:00:00,18.483901
2015-12-24 00:00:00,18.382306
2015-12-25 00:00:00,18.042615
2015-12-26 00:00:00,17.855842
2015-12-27 00:00:00,17.523824
2015-12-28 00:00:00,19.299533
2015-12-29 00:00:00,18.5629
2015-12-30 00:00:00,17.988293